pc_t_ms,emg_t_ms,emg0,emg1,emg2,emg3,emg4,emg5,emg6,emg7
0,0,12,-62,14,25,89,3,-30,-20
0,0,104,58,10,105,114,-9,40,1
0,4,101,102,-15,97,31,-14,81,22
0,4,-69,-75,-6,-69,-83,16,-72,-7
0,5,-2,-50,4,18,53,3,-26,-11
0,5,61,24,4,63,71,-4,10,-3
0,7,113,95,1,111,69,-16,75,17
0,7,-60,-56,-10,-61,-67,12,-55,-2
0,18,-6,-46,4,3,38,4,-28,-7
0,18,58,10,2,62,79,-1,3,-5
0,19,93,88,-1,91,53,-14,67,17
0,19,-51,-47,-10,-52,-54,9,-49,-5
0,31,-4,-45,5,0,27,5,-32,-14
0,31,72,34,-8,75,78,-6,25,0
0,43,66,64,4,61,20,-7,42,9
0,43,-45,-46,-1,-44,-45,7,-48,-6
0,47,20,-25,0,30,45,1,-14,-8
0,47,54,28,9,55,59,-6,19,2
0,74,44,42,-5,43,8,-5,27,8
0,74,-25,-38,-2,-23,-19,7,-38,-3
0,74,27,-6,4,31,46,-3,-4,-6
0,74,40,23,2,41,47,-2,13,1
0,99,30,25,-1,28,10,-4,15,3
0,99,-4,-15,-2,-2,-1,3,-20,-3
0,100,27,-3,-1,27,43,0,1,-1
0,100,30,12,9,32,37,-1,6,1
0,133,-87,13,-14,-97,-110,3,-4,10
0,133,-101,-102,2,-97,-40,18,-87,-23
0,133,86,3,1,89,91,-2,6,-7
0,133,92,72,0,97,116,-11,60,12
0,138,-39,24,-3,-45,-49,-3,11,12
0,138,-74,-64,-1,-75,-36,9,-61,-15
0,138,42,-20,9,44,53,2,-13,-12
0,138,99,71,0,103,118,-15,61,5
0,144,-17,32,-3,-24,-33,-1,14,11
0,144,-63,-54,-8,-63,-29,9,-47,-9
0,152,42,-19,9,47,56,3,-16,-7
0,152,95,70,-2,96,99,-10,60,9
0,161,-22,19,-6,-24,-28,1,7,11
0,161,-58,-61,1,-57,-13,5,-51,-14
0,183,50,-2,2,55,62,0,3,-4
0,183,74,58,2,74,76,-10,49,7
0,184,-26,-2,-4,-27,-23,1,-5,2
0,184,-28,-37,-4,-25,12,8,-31,-10
0,205,48,10,2,48,50,-3,7,-1
0,205,53,43,-4,56,57,-8,35,3
0,213,-15,-7,-5,-11,-6,1,-13,0
0,213,-8,-19,2,-8,19,0,-15,-5
0,220,36,8,3,37,40,-1,5,-2
0,220,38,22,-1,40,46,-4,20,4
0,227,-3,-5,-3,2,8,1,-5,2
0,227,-2,-11,6,-2,22,2,-9,-4
0,243,24,3,-3,26,31,-2,3,-2
0,243,39,22,1,41,45,-6,19,4
0,244,1,-3,-3,7,12,1,-5,0
0,244,-1,-9,0,13,26,0,-8,0
0,266,26,4,4,27,33,0,1,-2
0,266,39,23,-1,41,41,-6,19,4
0,267,3,-7,0,9,14,2,-5,0
0,267,-1,-11,2,9,25,1,-5,-3
0,278,28,6,0,28,31,-4,2,-2
0,278,33,19,-2,35,37,-1,16,2
0,287,3,-11,-1,8,14,2,-7,1
0,287,13,-6,-1,16,35,0,-5,-2
0,303,27,9,0,26,32,-2,3,0
0,303,29,15,0,30,31,0,10,1
0,304,8,-11,-1,12,18,1,-10,-2
0,304,18,-1,0,23,31,0,0,-1
0,326,23,9,-3,23,27,-3,4,3
0,326,26,11,-5,27,29,-1,10,2
0,331,11,-12,3,16,21,4,-8,-1
0,331,22,-1,-7,24,35,-4,3,-1
0,348,21,8,3,22,27,-1,4,1
0,348,26,9,1,27,29,-1,10,1
0,349,13,-7,-2,16,23,1,-10,-1
0,349,20,1,8,27,46,0,2,-2
0,363,21,6,-9,22,28,-4,1,-2
0,363,25,9,-1,28,30,-1,8,2
0,364,14,-11,-8,18,20,2,-8,-2
0,364,26,0,-2,27,44,0,3,-1
0,386,21,11,3,23,30,1,5,1
0,386,24,9,2,26,28,-1,9,2
0,387,15,-9,2,17,21,1,-9,-6
0,387,25,0,1,31,51,-1,6,-4
0,398,20,9,-2,22,32,-3,9,0
0,398,24,8,1,25,28,-1,6,2
0,425,16,-13,-1,19,22,1,-6,-1
0,425,29,2,2,32,52,-1,7,1
0,426,21,9,0,22,30,1,4,2
0,426,23,8,2,25,23,-4,5,1
0,429,17,-9,-1,19,24,7,-10,-4
0,429,25,2,3,33,44,-3,4,-1
0,445,20,9,7,21,29,0,3,0
0,445,23,7,-8,25,20,-2,6,1
0,448,17,-9,-5,19,25,1,-8,-1
0,448,28,6,1,27,41,-3,5,-1
0,459,20,7,1,21,28,0,6,-1
0,459,23,7,3,23,18,0,7,3
0,468,18,-9,-6,19,24,-1,-10,-1
0,468,30,5,-1,29,39,-1,5,1
0,483,19,6,-1,20,30,-2,4,0
0,483,23,7,-1,22,17,-3,4,-2
0,484,18,-12,4,20,20,1,-7,-4
0,484,27,6,-1,31,33,0,2,-2
0,506,20,12,-3,20,30,1,5,2
0,506,22,6,-9,24,19,2,4,1
0,507,17,-10,1,19,20,1,-11,-2
0,507,27,8,4,29,33,-2,5,0
0,519,19,10,-1,21,28,0,2,0
0,519,21,7,1,23,22,-1,4,2
0,527,18,-11,1,19,22,4,-8,-1
0,527,29,3,-6,29,43,-1,9,0
0,543,18,9,-1,20,27,-3,4,0
0,543,22,8,2,22,17,-2,4,3
0,544,17,-10,-1,19,20,0,-10,-2
0,544,25,8,4,28,42,0,4,1
0,573,19,11,0,21,26,0,5,2
0,573,20,6,-1,20,20,1,2,1
0,575,16,-8,2,18,22,2,-8,-1
0,575,28,7,-2,35,35,-1,7,-1
0,579,18,10,-1,20,29,3,3,1
0,579,20,6,-2,21,13,-1,1,-1
0,587,17,-10,0,19,21,3,-10,-2
0,587,26,8,3,36,39,-3,7,1
0,604,18,11,1,21,26,-5,0,0
0,604,19,6,0,21,19,-3,6,2
0,609,17,-10,0,20,20,1,-10,-4
0,609,30,7,0,34,33,-1,9,1
0,626,18,8,-4,21,29,-1,5,1
0,626,19,7,5,21,15,0,-1,0
0,627,17,-9,-2,18,21,-3,-9,-2
0,627,32,8,-3,34,35,0,6,2
0,639,20,15,0,22,26,-3,5,0
0,639,19,7,-1,20,19,-5,1,0
0,653,17,-9,2,19,20,5,-10,-3
0,653,30,8,-5,30,34,-5,5,0
0,662,19,10,1,22,29,-1,5,3
0,662,19,6,-6,19,18,3,0,3
0,664,17,-8,1,19,20,-1,-10,-3
0,664,31,6,0,39,35,2,4,0
0,686,20,12,4,22,28,-3,8,1
0,686,18,6,2,19,9,2,0,2
0,687,18,-7,-7,20,22,-3,-6,-2
0,687,34,8,-1,38,39,-1,4,-3
16,708,19,9,1,23,28,-3,1,1
16,708,18,6,1,17,15,-3,0,-1
17,710,17,-4,0,18,19,4,-8,-4
17,710,34,6,2,41,33,-3,6,0
38,730,20,6,-1,23,31,-1,4,3
38,730,17,6,-8,16,7,2,0,-1
40,732,17,-5,2,18,20,-1,-10,-2
40,732,33,8,2,37,29,-3,8,-2
53,745,20,7,-5,24,28,0,4,-2
53,745,16,6,4,16,23,-2,0,3
54,747,17,-3,1,18,20,2,-6,-4
54,747,34,9,0,32,33,-1,8,1
76,768,21,9,-3,23,30,-3,5,0
76,768,15,5,-5,14,13,0,-1,1
77,770,16,-4,0,18,23,2,-9,-2
77,770,34,9,4,34,35,0,5,0
91,783,21,9,2,22,27,0,2,0
91,783,16,6,3,17,3,2,-2,1
92,785,17,-3,-4,18,23,2,-8,-1
92,785,35,4,-1,36,30,-3,10,-1
113,805,21,11,-1,23,29,-1,6,-1
113,805,14,6,5,14,-3,4,-1,0
114,806,17,-2,0,17,22,3,-10,-3
114,806,32,9,-7,34,30,0,5,1
135,827,20,11,9,22,28,-2,4,1
136,827,12,7,-3,12,1,-3,-1,-1
137,830,16,-4,2,17,22,0,-8,-1
137,830,37,11,-2,32,34,-1,4,4
150,842,21,10,0,23,28,1,5,2
150,842,11,7,-5,11,22,2,-2,-1
165,857,16,-3,0,16,23,2,-7,-4
165,857,32,8,2,35,24,-3,5,-1
172,865,21,12,-2,23,26,-1,3,-1
172,865,12,4,-7,12,-2,2,-5,-1
173,865,15,-5,-6,16,24,-1,-6,-4
173,865,29,10,7,33,26,-2,3,1
221,889,21,10,-3,22,24,-1,5,1
221,889,9,6,-2,11,10,0,-1,3
221,890,15,-2,3,16,25,-1,-8,-4
221,890,29,10,1,31,31,1,5,0
221,901,20,7,-11,21,25,1,5,-1
221,901,10,3,7,12,-2,-1,-4,-2
221,909,15,-3,4,16,22,-1,-7,-5
221,909,30,8,0,31,37,-4,7,1
240,932,21,9,-3,22,25,-2,3,0
240,932,10,4,-3,12,3,4,-1,0
240,932,14,-4,2,16,21,-1,-6,0
240,932,29,12,3,34,32,-1,7,1
256,949,20,9,3,23,27,1,3,-1
256,949,11,5,-4,13,8,-4,-6,0
257,949,15,-1,1,16,22,1,-5,-4
257,949,32,10,-4,34,28,-1,4,0
269,961,21,8,4,23,24,-2,4,0
269,961,10,3,3,13,13,1,-3,0
277,969,14,-3,-5,17,24,2,-7,-2
277,969,30,9,1,34,28,-1,2,1
292,984,21,12,-1,23,24,-2,6,-1
292,984,12,4,-4,11,1,0,-2,-2
293,985,14,0,-4,17,24,4,-5,-4
293,985,28,8,4,35,31,-2,6,-1
325,1017,22,9,2,23,25,-3,4,1
325,1017,11,3,-7,7,0,0,-6,-1
325,1017,15,1,3,17,22,3,-4,-3
325,1017,31,7,-3,32,30,-1,3,-1
329,1021,21,10,-7,23,26,-1,3,3
329,1021,13,4,0,3,13,1,-5,2
345,1038,15,1,4,17,24,1,-6,-4
345,1038,27,10,4,34,24,3,5,1
354,1046,21,11,1,24,27,-1,1,1
354,1046,5,3,-1,3,-12,-2,-5,0
354,1047,16,1,-4,17,23,2,-7,-5
355,1047,31,12,-2,32,33,-1,4,-4
375,1068,21,10,-3,23,25,0,4,-1
375,1068,6,4,-1,6,-5,1,-4,2
375,1068,15,1,5,17,23,0,-4,-2
376,1068,29,9,-2,26,22,-2,5,5
390,1082,22,8,-4,23,28,-2,6,3
390,1082,2,3,0,0,-10,3,-5,0
405,1098,15,0,7,18,21,-1,-4,-2
405,1098,31,12,3,33,34,-3,5,-2
420,1113,21,8,-8,21,28,-1,4,-2
420,1113,-1,1,-2,1,4,1,-6,0
420,1113,15,2,-6,18,23,-3,-4,0
420,1113,31,9,4,29,28,1,3,2
435,1127,22,10,3,22,26,-1,4,-1
435,1127,-5,3,-1,-7,-4,3,-4,-4
435,1128,15,3,-3,17,23,2,-4,-2
436,1128,31,9,-6,28,32,-4,5,1
464,1150,20,10,0,22,25,1,2,3
464,1150,-2,2,0,0,-10,1,-7,1
464,1151,16,2,5,16,22,0,-2,-1
464,1151,28,10,4,26,27,-1,5,-1
489,1181,21,11,-2,22,28,1,6,2
489,1181,-7,1,3,2,2,2,-8,0
489,1182,15,2,2,18,23,2,-3,-6
489,1182,31,8,-4,29,32,-1,3,1
495,1187,20,10,3,20,26,0,4,1
495,1187,-3,2,-5,-1,3,3,-4,-2
510,1203,15,2,3,18,22,0,-3,-2
510,1203,24,8,-5,31,36,-4,1,0
519,1210,20,10,0,20,27,0,6,0
519,1210,-8,-3,0,-4,3,2,-8,-2
519,1212,15,2,-2,17,24,0,-4,-3
519,1212,27,11,1,31,29,0,4,0
540,1233,19,9,0,21,27,-6,6,1
540,1233,-3,-2,-5,4,6,2,-6,2
541,1234,15,3,3,18,22,-3,-3,-2
541,1234,27,13,-1,30,28,0,6,4
555,1247,18,10,-1,21,25,-2,5,-1
555,1247,-3,-3,0,-1,7,-2,-7,-3
562,1255,16,2,-1,17,24,3,-2,-4
562,1255,29,14,-4,28,29,-4,2,-1
577,1270,18,8,3,21,26,1,2,0
577,1270,4,-3,3,2,5,0,-8,-4
578,1271,15,2,-1,18,22,-2,-3,0
578,1271,27,8,1,29,28,-2,5,-1
600,1293,19,8,-12,21,26,-5,3,2
600,1293,-2,-2,4,0,12,4,-9,2
601,1293,16,2,1,19,28,4,-3,-3
601,1293,26,7,0,25,29,-3,6,-1
615,1307,19,7,4,20,27,-3,6,1
615,1307,2,-7,-4,2,13,0,-8,-1
615,1308,16,2,0,19,30,-1,-2,-1
616,1308,26,8,3,25,33,1,6,0
637,1329,19,9,-8,22,28,0,6,1
637,1329,2,-5,1,-3,5,1,-6,-2
638,1330,17,3,-2,18,32,0,0,1
638,1330,30,11,5,29,29,-1,2,2
660,1353,19,9,5,22,28,-1,9,0
661,1353,1,-5,-4,-2,14,0,-7,0
661,1354,17,2,-3,19,33,0,-1,-4
661,1354,23,11,4,27,23,1,3,1
682,1375,19,8,-3,22,27,-3,5,1
682,1375,-3,-6,-3,-3,8,4,-7,-1
690,1382,17,1,1,18,35,-1,1,-2
690,1382,28,10,0,29,31,-1,3,0
697,1389,20,9,2,21,30,-1,6,1
697,1389,-2,-5,-4,-4,16,2,-5,-1
698,1390,16,2,-3,19,31,-1,1,-1
698,1390,23,10,2,29,26,-2,2,2
721,1413,20,11,7,22,29,0,5,0
721,1413,-6,-6,-10,-9,3,2,-7,-3
721,1413,17,3,6,18,32,-1,2,-3
721,1413,29,10,-2,29,29,-4,3,0
735,1427,20,8,-4,22,32,3,3,1
735,1427,-3,-4,0,-5,10,1,-10,-2
735,1428,16,2,-4,18,29,-1,1,-2
736,1428,25,7,0,28,24,1,5,-1
766,1458,19,8,-1,21,30,-6,9,3
766,1458,-10,-7,2,-11,11,-1,-10,0
766,1459,16,3,4,17,27,-2,2,1
766,1459,28,10,-2,28,30,-3,6,0
797,1489,20,7,2,22,29,-1,7,1
797,1489,-7,-9,-7,-6,12,0,-9,-2
797,1490,16,1,-4,18,28,-1,0,-2
798,1490,26,11,-4,27,27,0,5,0
799,1491,20,9,0,21,31,0,6,-1
799,1491,-11,-7,13,-5,16,3,-12,-2
802,1495,15,2,0,17,28,0,1,-3
802,1495,27,12,-5,28,28,-3,7,-2
817,1510,20,9,-2,21,28,-2,8,-1
817,1510,-8,-8,-1,1,17,-1,-8,0
818,1510,15,2,3,18,25,0,1,-1
818,1510,26,8,0,26,26,0,4,1
839,1532,19,10,-3,21,31,-1,7,2
840,1532,-12,-9,2,-2,20,1,-8,-4
847,1539,15,2,-4,18,28,-2,2,0
847,1539,28,11,1,26,26,-1,5,1
855,1547,20,9,-4,22,28,-3,8,2
855,1547,-3,-7,5,3,21,-1,-9,-1
856,1548,14,2,3,20,24,-1,2,-4
856,1548,26,8,-1,25,25,-1,3,0
877,1570,19,7,3,22,31,-3,6,0
877,1570,-5,-9,-5,2,21,4,-11,0
878,1570,17,2,3,21,27,-4,0,-4
878,1570,28,12,2,26,26,-1,2,1
901,1593,20,9,-6,22,28,0,7,2
901,1593,-1,-10,-1,7,22,1,-7,-5
901,1593,17,1,0,21,23,-1,0,-1
901,1593,25,8,-6,23,25,-2,4,1
915,1607,19,8,5,22,29,-3,8,5
915,1607,1,-13,-6,4,21,3,-7,-2
915,1608,19,1,0,23,36,-4,0,-2
915,1608,26,9,0,24,24,0,6,-1
937,1630,20,8,2,23,29,-3,7,2
937,1630,2,-9,1,6,23,1,-11,-1
938,1631,19,1,-3,22,41,0,3,-3
938,1631,24,11,2,22,24,1,4,-1
961,1652,20,7,-7,23,29,0,6,0
961,1652,2,-14,1,6,22,2,-11,-2
961,1653,20,1,5,21,44,1,4,-1
961,1653,23,9,-3,27,25,-2,8,-1
975,1667,20,8,-7,23,28,0,6,1
975,1667,6,-11,-1,8,22,-1,-12,0
975,1668,20,1,4,21,51,-1,3,0
975,1668,23,9,5,23,25,0,2,0
997,1690,21,7,1,24,28,-2,3,-1
997,1690,5,-11,-6,6,24,0,-10,-2
998,1691,20,2,3,23,52,-1,4,-1
998,1691,23,7,-4,25,27,-2,4,0
1020,1713,22,7,1,25,30,0,8,3
1020,1713,6,-11,0,6,25,2,-8,-1
1021,1713,19,6,-2,20,44,2,3,2
1021,1713,24,10,-6,23,24,-3,5,1
1035,1727,22,10,0,24,29,-2,6,-2
1035,1727,6,-11,0,8,24,1,-10,-3
1035,1727,19,2,-3,21,49,-1,6,0
1035,1727,25,12,6,23,28,1,5,0
1057,1750,23,8,3,25,30,0,6,2
1057,1750,6,-12,2,7,25,2,-10,-1
1058,1750,19,2,1,21,53,-1,5,0
1058,1750,23,7,-6,23,27,-3,3,-1
1080,1772,23,7,2,24,30,0,8,-2
1080,1772,7,-15,-10,6,23,3,-7,-3
1081,1773,19,2,3,20,44,-2,4,-2
1081,1773,23,14,0,24,26,1,7,2
1095,1787,23,8,0,26,27,-6,11,0
1095,1787,7,-14,0,9,26,1,-9,-2
1095,1788,19,3,-3,18,43,0,4,-2
1096,1788,22,10,4,23,24,0,5,1
1119,1811,23,8,-4,25,27,0,7,3
1119,1811,5,-14,0,11,26,2,-8,1
1119,1812,18,3,-1,19,45,-3,8,-1
1119,1812,22,14,3,23,27,0,3,-1
1140,1832,24,9,-4,25,27,-3,10,1
1140,1832,6,-13,-8,13,26,1,-12,-3
1141,1833,17,4,7,20,40,0,7,0
1141,1833,21,9,-3,22,24,-2,3,1
1154,1846,22,9,-2,23,27,0,8,2
1154,1846,7,-13,2,13,26,0,-9,-2
1162,1855,16,3,1,32,40,-3,5,-1
1162,1855,21,12,1,21,28,0,4,0
1177,1870,23,8,5,25,26,-1,7,1
1177,1870,8,-13,0,16,25,0,-8,-3
1178,1870,18,3,-4,22,39,-2,4,-2
1178,1870,20,9,-2,21,24,0,7,-1
1201,1893,21,8,1,24,26,-1,7,3
1201,1893,11,-11,0,15,25,4,-10,-1
1201,1894,23,4,3,26,37,-5,7,0
1201,1894,21,8,1,21,26,-2,4,1
1214,1907,22,7,2,23,25,-2,6,1
1214,1907,12,-14,-5,17,26,2,-10,-3
1223,1914,23,3,-1,27,33,-1,5,-4
1223,1914,20,10,-3,20,26,-1,7,0
1237,1929,22,7,3,24,23,-3,9,2
1237,1929,13,-14,0,17,24,1,-11,-5
1238,1930,24,4,-2,29,52,-2,2,1
1238,1930,20,11,-5,20,26,0,6,1
1268,1960,22,7,-1,23,26,-3,5,-1
1268,1960,14,-10,3,18,24,2,-8,-1
1269,1961,23,2,2,31,48,2,2,-1
1269,1961,20,11,-4,21,28,-3,5,2
1274,1967,22,7,-7,23,28,-3,6,2
1274,1967,15,-12,4,18,25,2,-13,-5
1282,1975,27,3,1,31,49,-2,8,-1
1282,1975,20,10,5,20,29,-1,4,2
1298,1990,22,7,-3,24,18,1,4,1
1298,1990,16,-10,-4,19,23,1,-9,-3
1349,1997,27,2,0,32,48,0,8,2
1349,1997,19,8,-2,21,27,-2,4,0
1349,2012,22,6,0,23,19,-1,5,1
1349,2012,16,-11,5,19,24,1,-11,-1
1349,2013,27,4,2,33,40,-4,5,-1
1349,2013,20,8,-3,21,29,0,4,-1
1350,2026,22,6,0,25,23,-2,5,-1
1350,2026,17,-12,-4,19,22,4,-10,-2
1350,2035,30,2,4,31,47,-3,7,2
1350,2035,19,9,-1,21,30,-2,1,3
1357,2049,22,6,-5,23,20,2,4,3
1357,2049,18,-12,3,19,24,4,-8,-1
1358,2050,31,6,1,30,50,-4,7,0
1358,2050,19,9,5,20,27,-4,0,0
1380,2073,22,6,-9,24,21,-3,5,1
1380,2073,18,-11,1,19,23,1,-9,-2
1381,2073,31,7,1,31,45,0,5,0
1381,2073,20,12,3,21,30,2,4,0
1394,2086,21,6,1,22,25,-2,4,1
1394,2086,17,-13,-1,19,23,-2,-10,-3
1402,2095,28,7,0,30,46,-1,7,2
1402,2095,19,10,-1,19,31,-1,6,2
1417,2110,22,6,1,22,21,2,6,0
1417,2110,17,-10,3,19,21,0,-10,-4
1418,2110,30,8,-3,30,44,-3,7,-4
1418,2110,19,10,4,21,29,0,7,0
1440,2132,21,6,-3,21,22,-2,3,2
1440,2132,17,-11,-5,19,23,1,-10,-3
1441,2133,29,9,3,32,37,-4,5,-1
1441,2133,19,12,-6,19,30,1,6,1
1463,2155,21,7,4,21,17,0,3,1
1463,2155,17,-8,-2,18,23,1,-9,-2
1464,2156,26,4,-3,31,44,-1,8,-1
1464,2156,19,10,2,20,28,-2,1,1
1477,2170,20,7,2,20,16,0,2,3
1477,2170,17,-13,0,19,22,3,-11,0
1478,2170,27,8,0,31,38,0,10,3
1478,2170,18,10,0,20,29,-1,6,1
1500,2193,20,7,-2,20,18,-1,2,2
1500,2193,17,-8,2,18,22,1,-8,-5
1501,2194,26,5,-1,37,39,0,3,0
1501,2194,18,11,7,20,30,-4,2,0
1523,2215,19,6,-2,20,20,1,2,0
1523,2215,17,-9,-5,19,21,2,-8,-3
1524,2216,26,8,4,35,34,-3,4,1
1524,2216,18,9,-6,21,29,-1,5,1
1537,2229,19,6,4,21,16,0,3,2
1537,2229,16,-9,0,17,23,-2,-9,-3
1545,2237,36,5,-2,33,36,-2,7,-1
1545,2237,19,13,3,21,27,-2,2,-1
1561,2253,19,7,-1,20,16,0,3,1
1561,2253,16,-9,6,19,23,2,-11,-2
1561,2254,33,7,4,37,39,-1,5,-1
1561,2254,19,9,-7,21,28,-4,4,-1
1599,2291,19,6,-1,18,21,1,1,0
1600,2291,16,-6,2,18,21,2,-7,-4
1600,2292,33,8,3,38,32,-4,9,3
1600,2292,20,8,-3,21,30,0,6,0
1602,2294,18,7,-4,17,17,-1,0,4
1602,2294,18,-5,4,19,20,1,-10,-1
1605,2298,34,7,-4,38,34,1,6,-1
1605,2298,19,10,1,22,29,-2,3,2
1629,2320,19,5,-2,20,24,1,2,1
1629,2320,17,-6,2,17,22,1,-9,-5
1629,2321,28,7,-1,36,44,-4,2,-2
1629,2321,20,11,1,23,32,-1,6,0
1651,2342,18,5,1,18,19,3,-1,-5
1651,2342,18,-5,-9,17,22,-2,-9,-1
1651,2343,34,7,3,35,34,-3,7,1
1651,2343,20,8,-2,22,29,-4,3,2
1657,2350,15,6,3,15,0,-1,-1,1
1657,2350,17,-3,5,19,23,3,-8,-2
1658,2350,34,11,-4,35,35,0,7,-1
1658,2350,20,8,0,22,31,1,4,-1
1681,2372,14,6,-6,11,6,-1,-1,2
1681,2372,17,-6,0,18,23,3,-7,-3
1681,2373,34,8,-1,31,22,-1,5,5
1681,2373,21,10,1,22,28,-1,3,0
1703,2395,14,6,-3,15,1,2,0,-2
1703,2395,16,-3,-1,17,22,0,-9,-4
1704,2396,33,9,3,35,28,0,7,-1
1704,2396,21,7,-1,24,30,1,4,1
1717,2410,13,5,0,13,-4,-3,-1,4
1717,2410,16,-1,1,17,22,0,-7,-1
1718,2410,31,8,0,34,32,0,6,-1
1718,2410,21,9,-2,22,28,-2,4,-2
1741,2433,12,6,-1,13,9,0,-4,2
1741,2433,16,-4,0,16,22,1,-6,-2
1741,2434,30,8,2,35,33,-2,3,2
1741,2434,20,11,9,23,28,-2,5,0
1770,2462,11,5,-12,10,30,1,-2,-1
1771,2462,15,-3,1,17,24,-1,-7,-2
1771,2463,32,9,1,33,35,-3,4,1
1771,2463,20,8,-6,22,28,2,4,2
1777,2470,13,5,6,12,-6,-1,-2,-2
1777,2470,16,-3,-2,16,24,0,-9,-3
1778,2470,30,8,-1,33,33,-2,6,-1
1778,2470,21,10,0,22,27,0,4,3
1801,2493,11,5,-2,11,-4,-3,-2,2
1801,2493,14,-2,0,16,22,4,-7,-5
1801,2494,31,9,-2,35,26,2,3,0
1801,2494,20,10,0,23,27,0,2,2
1823,2515,11,4,2,13,15,1,-5,0
1823,2515,15,-3,-3,14,23,-2,-4,-2
1824,2516,31,9,0,31,33,-2,6,-2
1824,2516,21,12,-8,23,28,-2,5,0
1837,2530,10,4,1,11,16,4,-5,0
1837,2530,14,-2,0,17,24,0,-7,-4
1838,2530,30,8,1,31,33,0,4,0
1838,2530,20,10,6,23,26,1,4,4
1861,2552,10,4,-11,13,21,-2,-2,0
1861,2552,14,-2,5,16,25,2,-5,-5
1861,2553,30,9,5,36,30,-2,5,-1
1861,2553,21,7,2,22,26,0,5,-2
1883,2576,10,3,1,12,8,2,-3,1
1883,2576,15,-2,-6,17,27,4,-7,-3
1884,2576,29,7,-2,24,31,-2,3,1
1884,2576,21,5,1,22,26,-1,1,1
1897,2590,11,3,-1,8,8,1,-3,2
1897,2590,14,-1,0,17,24,0,-4,0
1905,2597,31,11,2,28,31,0,4,1
1905,2597,21,8,-1,23,28,-1,4,2
1921,2613,11,2,-7,8,5,1,-4,-2
1921,2613,15,1,5,17,24,0,-7,-3
1921,2614,32,9,-4,32,30,0,3,1
1921,2614,21,9,1,22,29,-1,4,0
1951,2643,13,4,0,13,24,0,-4,1
1951,2643,16,1,3,17,27,2,-5,-5
1951,2643,28,8,0,32,35,1,6,0
1951,2643,21,10,-2,23,29,0,3,-1
1957,2650,10,3,-3,5,7,1,-5,0
1957,2650,16,1,0,17,25,1,-5,-2
1965,2657,29,12,1,30,29,-2,4,1
1965,2657,21,8,-1,22,27,-2,-1,1
1981,2673,9,4,2,6,6,-1,-7,-1
1981,2673,16,1,-4,17,27,-1,-5,-4
1981,2673,29,8,-2,26,33,-2,3,0
1981,2673,21,8,0,23,32,0,4,5
2003,2696,3,2,-6,1,5,-1,-6,1
2003,2696,16,1,3,17,25,1,-5,-3
2004,2696,28,11,-2,33,29,-3,5,1
2004,2696,22,10,-2,22,28,1,5,0
2017,2710,6,2,1,5,-6,3,-3,-2
2017,2710,16,2,0,17,26,1,-4,-1
2018,2710,30,12,0,27,29,-2,2,-1
2018,2710,22,9,-3,22,30,0,5,2
2040,2733,-3,4,5,-5,3,1,-7,1
2040,2733,16,2,-9,17,28,1,-4,0
2041,2733,31,8,2,33,29,-1,4,3
2041,2733,21,9,2,21,26,-3,5,-2
2063,2755,1,4,3,2,-20,1,-5,-2
2063,2755,16,2,2,17,24,-1,-3,-4
2064,2756,28,10,-1,28,27,0,5,-1
2064,2756,21,12,-2,21,30,-2,5,1
2077,2769,-3,3,1,-4,-3,-1,-5,-2
2077,2769,16,2,3,17,24,-1,-3,-1
2102,2795,27,9,4,35,28,0,4,-1
2102,2795,20,8,-1,21,27,-1,3,-1
2103,2795,0,1,-2,1,-6,0,-5,0
2103,2795,16,2,-2,17,22,1,-5,3
2104,2796,28,7,1,27,33,-1,3,0
2104,2796,20,9,0,21,28,1,6,0
2122,2815,-5,-2,-8,-1,4,-1,-8,0
2122,2815,16,2,1,17,24,0,-3,-3
2130,2822,30,7,-8,30,29,0,6,0
2130,2822,20,5,-1,20,27,0,5,-1
2137,2829,1,2,9,0,6,1,-7,-1
2137,2829,16,3,1,18,24,1,-2,-2
2152,2844,27,9,-3,26,32,-2,4,2
2152,2844,20,12,-1,20,26,-2,6,2
2161,2853,-7,-3,-2,3,9,2,-8,0
2161,2853,15,2,4,18,24,0,-4,-8
2161,2853,29,10,0,29,25,-1,5,-2
2161,2853,19,6,-1,21,26,-6,2,1
2183,2876,0,-2,0,2,5,-1,-5,-1
2183,2876,16,2,-2,18,25,-1,-2,-2
2184,2876,27,8,1,27,29,-3,6,1
2184,2876,19,10,-3,21,28,0,6,0
2197,2889,-2,-2,0,-1,13,2,-11,0
2197,2889,16,2,4,18,22,-1,-2,-2
2205,2897,28,9,-2,25,30,-1,4,1
2205,2897,18,7,-6,21,27,0,4,4
2220,2912,0,-4,-3,3,8,2,-7,-1
2220,2912,16,2,2,19,29,-1,-2,-2
2221,2913,26,10,0,25,30,1,4,0
2221,2913,19,8,-3,21,30,0,4,0
2243,2935,2,-4,-1,0,4,2,-5,-1
2243,2935,16,2,6,18,30,-2,-3,-4
2244,2936,26,9,-1,29,28,-3,1,1
2244,2936,19,9,-1,22,28,-2,6,1
2257,2949,3,-4,2,-5,17,4,-4,-1
2257,2949,16,2,-8,18,30,-1,0,-3
2265,2957,23,8,7,27,26,0,7,-1
2265,2957,19,8,-6,21,26,-2,6,0
2280,2972,-2,-4,2,1,16,1,-4,0
2280,2972,17,2,0,19,37,1,1,0
2281,2973,26,11,3,29,31,-1,3,1
2281,2973,19,8,-2,20,30,-1,4,0
2303,2996,0,-5,-3,-3,12,2,-8,-2
2303,2996,17,3,-6,18,33,1,1,-1
2305,2997,28,7,-1,29,30,-1,4,-1
2305,2997,21,9,0,22,30,-4,5,0
2317,3008,2,-5,-4,-5,13,4,-9,-2
2317,3008,17,2,4,18,36,-1,1,-2
2325,3017,29,13,3,29,29,1,6,2
2325,3017,20,8,-2,22,32,-2,8,-1
2348,3040,-1,-7,-7,-3,14,-2,-8,-2
2348,3040,17,2,4,18,33,1,0,-3
2349,3040,27,10,2,27,30,-1,2,-2
2349,3040,20,7,-2,21,32,-1,7,-1
2363,3055,-6,-6,-1,-7,4,0,-7,-1
2363,3055,17,2,5,18,30,0,2,-3
2364,3056,24,10,1,32,28,-2,4,1
2364,3056,20,10,3,22,31,-2,5,3
2377,3069,-6,-6,-1,-8,9,-1,-8,-1
2377,3069,17,2,-2,18,30,-2,3,-3
2385,3077,25,13,-5,24,27,-2,6,0
2385,3077,20,9,0,21,32,-1,4,0
2400,3092,-13,-7,-2,-10,15,4,-10,-1
2400,3092,16,3,4,17,28,2,1,-2
2408,3100,29,10,1,27,27,-2,6,2
2408,3100,21,11,6,22,29,-4,7,4
2422,3114,-5,-10,-3,-4,15,2,-8,-4
2422,3114,16,2,-8,17,29,-1,1,0
2430,3123,27,12,-1,28,26,0,4,3
2430,3123,20,9,-3,21,32,0,7,1
2445,3137,-14,-9,0,-3,18,2,-8,-1
2445,3137,15,1,2,17,29,3,2,-3
2447,3140,27,9,0,28,26,-2,5,2
2447,3140,20,11,0,22,28,-1,7,0
2459,3151,-8,-7,0,0,18,2,-8,-1
2459,3151,16,3,-2,23,25,-3,0,-3
2485,3178,24,8,4,24,24,1,4,2
2485,3178,19,11,-3,22,29,-2,3,2
2486,3178,-8,-10,0,2,19,2,-8,-1
2486,3178,15,2,3,21,26,-2,1,-4
2489,3181,27,9,-6,26,24,-2,4,-1
2489,3181,19,8,0,22,29,-1,8,1
2506,3198,-4,-11,-1,3,21,-1,-10,-2
2506,3198,16,2,3,21,24,-1,0,0
2507,3199,26,10,3,25,24,0,4,-3
2507,3199,20,9,3,21,29,1,8,3
2520,3212,-2,-9,0,2,22,-3,-11,0
2520,3212,17,1,-2,23,28,-2,1,-1
2527,3218,27,10,-2,27,26,0,4,1
2527,3218,20,8,-1,23,27,-1,7,2
2543,3235,1,-11,1,6,22,1,-11,-3
2543,3235,19,2,3,21,39,-3,0,-3
2544,3237,25,9,-6,24,25,1,2,-1
2544,3237,20,8,-3,23,31,-1,7,-1
2573,3265,0,-11,6,4,22,4,-10,-2
2573,3265,20,1,-5,22,50,0,3,1
2575,3267,25,9,0,26,25,-2,2,2
2575,3267,20,7,2,24,31,-3,6,-1
2580,3273,4,-11,-12,7,24,2,-11,-2
2580,3273,19,1,3,22,42,2,2,-1
2594,3286,23,8,-1,26,26,-3,5,0
2594,3286,20,7,-5,24,29,-1,10,3
2603,3296,2,-12,2,6,25,-1,-8,-3
2603,3296,20,1,5,22,50,-1,2,1
2604,3297,25,11,-5,24,27,-2,5,2
2604,3297,22,6,-6,24,30,-2,7,0
2625,3317,5,-11,-3,9,24,1,-10,-1
2625,3317,21,1,9,23,47,-1,5,-3
2627,3319,23,13,5,24,27,-1,3,0
2627,3319,22,7,-1,24,30,-2,10,-1
2640,3332,5,-12,-1,9,24,2,-8,-1
2640,3332,20,3,-2,22,47,-3,4,2
2647,3339,24,11,1,25,27,0,2,0
2647,3339,24,8,-2,26,32,-2,8,1
2663,3356,8,-12,-4,8,25,1,-12,-5
2663,3356,20,3,-2,20,42,-1,4,-1
2665,3357,23,9,5,26,26,-1,6,0
2665,3357,22,7,2,26,29,2,10,2
2686,3378,8,-14,0,6,25,1,-10,-2
2686,3378,20,3,-3,19,43,-5,6,3
2688,3380,24,13,0,25,27,-2,5,1
2688,3380,23,9,-3,26,28,-2,7,1
2700,3393,7,-12,1,9,27,3,-11,-1
2700,3393,19,3,0,20,48,-3,7,-2
2707,3399,22,8,1,24,23,-4,5,1
2707,3399,23,8,3,24,30,0,5,2
2723,3416,6,-12,-2,9,25,1,-10,-2
2723,3416,19,4,-4,20,40,1,6,0
2725,3417,22,10,3,23,28,3,7,-1
2725,3417,23,9,1,25,27,-1,8,-1
2745,3438,8,-12,-7,11,23,3,-10,-3
2746,3438,17,4,8,20,41,-4,3,-1
2747,3439,22,8,-7,22,26,-3,4,3
2747,3439,23,8,0,24,26,-4,7,4
2760,3452,4,-12,-6,13,24,0,-9,-2
2760,3452,17,4,1,19,47,-2,5,-5
2766,3459,21,11,2,22,26,0,5,-1
2766,3459,23,9,-9,25,25,-5,7,3
2782,3474,7,-16,5,14,29,2,-8,-2
2782,3474,18,2,-4,19,39,1,4,0
2791,3483,21,13,3,21,22,-2,5,-1
2791,3483,22,9,-2,23,27,-2,7,-3
2806,3498,8,-14,-1,15,25,0,-10,-1
2806,3498,17,3,0,27,37,-2,5,0
2807,3499,19,10,-2,21,28,-2,3,0
2807,3499,22,8,-4,23,25,2,6,1
2820,3511,9,-11,0,16,25,3,-8,-1
2820,3511,17,3,-1,29,26,-5,3,-2
2827,3519,20,8,-1,20,25,-4,6,1
2827,3519,22,7,-8,24,24,-1,7,5
2843,3535,11,-14,5,17,23,0,-12,-3
2843,3535,23,4,0,31,31,-4,6,-1
2845,3536,22,11,-5,21,24,-1,4,2
2845,3536,21,7,-1,24,23,-3,4,1
2866,3557,13,-12,-7,18,26,1,-9,-2
2866,3557,24,3,6,31,38,-3,4,1
2867,3559,19,7,4,21,25,1,4,-1
2867,3559,22,7,1,24,24,0,6,3
2880,3572,14,-9,3,17,23,0,-9,-2
2880,3572,28,3,1,32,45,-2,3,-1
2886,3579,21,9,-4,21,24,-2,4,1
2887,3579,22,6,5,24,26,-2,4,1
2910,3602,14,-10,2,20,24,3,-10,-1
2910,3602,25,2,-4,33,50,0,8,0
2912,3604,20,9,0,20,29,-2,5,1
2912,3604,21,6,-1,23,25,-3,5,1
2925,3618,16,-10,0,19,23,-1,-12,-2
2925,3618,27,3,-1,33,48,1,4,1
2927,3619,19,10,1,21,26,-2,5,0
2927,3619,22,6,-1,25,24,-1,8,1
2939,3632,16,-8,1,19,23,0,-9,-1
2939,3632,28,3,3,31,47,-3,7,3
2948,3640,19,11,-4,22,30,2,1,1
2948,3640,21,6,-3,23,20,-3,6,0
2963,3655,17,-14,-2,19,24,0,-8,-4
2963,3655,29,6,1,33,47,-1,5,0
2971,3662,19,9,0,21,27,-4,5,0
2971,3662,22,7,3,24,20,-1,3,1
3001,3694,18,-10,1,21,24,-1,-9,-4
3001,3694,31,7,-1,30,46,1,9,0
3003,3695,19,7,-4,21,30,-4,4,2
3003,3695,22,6,-3,23,20,0,6,2
3003,3696,17,-11,3,19,23,1,-9,-2
3004,3696,31,7,-3,32,42,-3,7,-1
3008,3700,20,10,-1,21,29,2,5,2
3008,3700,22,6,1,23,16,-3,2,1
3038,3730,18,-12,4,20,21,2,-8,-4
3038,3730,28,4,-3,29,44,-1,6,-1
3040,3732,20,9,5,21,29,0,3,0
3040,3732,21,6,0,22,24,-3,3,0
3045,3737,17,-14,-9,19,21,3,-9,-1
3045,3737,30,7,8,31,45,0,5,-1
3047,3739,19,6,-5,20,31,1,2,0
3047,3739,22,7,2,22,18,0,2,2
3059,3752,18,-7,3,20,21,3,-10,-4
3059,3752,28,4,-3,28,38,-3,4,0
3068,3761,19,10,1,21,26,-3,7,1
3068,3761,21,5,0,21,11,0,4,1
3083,3775,17,-9,-2,19,23,1,-9,1
3083,3775,27,7,-1,28,34,-2,7,0
3090,3783,19,11,-3,19,27,-3,6,-1
3091,3783,21,6,-1,21,17,0,5,1
3105,3798,17,-11,2,19,21,1,-9,-5
3105,3798,27,6,0,30,40,3,7,2
3107,3799,19,9,-1,20,29,-2,2,2
3107,3799,20,7,-8,20,24,-1,5,3
3128,3820,17,-10,3,19,20,1,-12,-3
3128,3820,27,5,-2,34,40,-2,7,2
3129,3822,18,10,-1,20,29,0,4,1
3129,3822,20,6,3,21,14,2,0,1
3158,3850,17,-10,-1,18,22,-1,-9,-4
3158,3850,26,7,0,33,35,-5,6,-1
3160,3852,19,8,-5,22,26,0,4,-1
3160,3852,19,6,0,20,14,-1,2,0
3166,3858,17,-11,-3,18,23,3,-10,-2
3166,3858,28,7,7,38,36,-2,8,-1
3167,3859,18,8,1,21,28,-2,2,-1
3167,3859,19,6,-3,20,20,2,1,-1
3188,3880,17,-9,1,19,21,0,-6,-3
3188,3880,31,8,-3,34,23,-1,3,0
3189,3882,19,12,3,21,27,-1,4,0
3189,3882,19,5,-2,20,20,-1,0,1
3204,3896,17,-7,-6,19,21,2,-8,-3
3204,3896,28,4,5,37,32,-4,4,1
3205,3897,19,10,1,21,27,0,5,0
3205,3897,19,6,0,18,10,-2,-1,2
3225,3917,16,-6,2,19,20,1,-9,0
3225,3917,36,7,0,33,32,-2,4,0
3233,3926,20,7,-6,22,26,1,2,2
3233,3926,18,5,3,19,16,-2,1,0
3239,3932,18,-6,1,19,21,0,-9,-1
3239,3932,30,6,-7,36,38,-2,7,-3
3248,3941,20,11,4,22,29,-2,4,0
3248,3941,17,5,-3,15,21,1,1,1
3263,3956,17,-5,-6,18,20,-1,-9,-1
3263,3956,32,7,2,37,30,-2,4,1
3264,3957,19,12,2,22,30,-2,6,0
3264,3957,17,5,1,19,10,3,-2,0
3285,3977,18,-2,4,17,20,2,-8,-3
3285,3977,34,4,-2,37,39,0,8,1
3292,3984,20,7,-9,24,29,-1,2,1
3292,3984,17,5,3,17,9,-3,-1,0
3316,4008,16,-4,4,18,22,3,-6,-2
3316,4008,33,10,2,35,30,1,6,1
3317,4009,21,7,-1,23,29,-2,3,0
3317,4009,13,5,-5,13,11,-2,-1,0
3330,4023,16,-4,1,18,23,2,-10,-3
3330,4023,34,10,2,36,36,-1,2,-2
3332,4025,20,11,0,22,28,1,6,3
3332,4025,14,6,0,16,-2,-2,-4,1
3345,4038,17,-3,-3,19,21,0,-8,-4
3345,4038,31,11,5,31,31,-4,4,-1
3347,4039,21,7,1,24,29,-4,0,1
3347,4039,14,6,-1,14,0,2,-1,-2
3368,4060,16,-4,-5,17,22,1,-8,-6
3368,4060,30,10,-1,37,26,2,8,2
3369,4062,21,11,-3,23,28,-2,3,0
3369,4062,12,6,4,14,8,1,0,1
3383,4076,16,-3,-3,16,22,1,-9,-3
3383,4076,34,6,-2,29,29,0,6,3
3384,4077,20,9,2,23,26,0,7,0
3384,4077,13,4,3,11,3,-2,-3,2
3405,4098,16,-2,-3,17,23,3,-7,-5
3406,4098,31,12,3,29,30,-1,3,-1
3407,4099,21,11,-3,22,26,2,6,-2
3407,4099,13,6,-8,12,5,0,-2,1
3444,4136,16,-1,0,17,23,-3,-2,-4
3444,4136,31,8,4,36,35,-4,4,0
3446,4138,20,10,-5,23,26,-3,2,-1
3446,4138,10,5,-3,12,15,3,-1,0
3447,4139,15,-2,3,16,23,2,-7,0
3447,4139,30,5,-8,31,30,-1,6,1
3450,4143,20,8,0,22,26,0,1,0
3451,4143,11,3,3,11,4,-2,-3,-2
3466,4158,15,-2,-2,16,22,1,-7,-2
3466,4158,30,11,-4,29,35,-1,4,-1
3467,4159,21,12,5,22,26,-1,2,4
3467,4159,10,4,-6,11,-3,-1,-3,1
3488,4180,14,-3,8,16,23,2,-7,-3
3488,4180,29,8,-1,33,32,-1,1,0
3490,4182,20,7,-4,23,25,-3,3,1
3490,4182,11,5,-1,13,7,3,-2,1
3502,4195,15,-3,3,16,23,2,-4,-6
3502,4195,25,11,1,35,25,-2,4,-1
3509,4201,20,8,-1,23,24,1,4,2
3509,4201,10,4,-5,11,17,2,-1,-1
3525,4217,14,-3,-1,16,24,-1,-6,-2
3525,4217,29,7,-3,30,32,2,4,-1
3539,4232,20,9,1,23,24,2,4,2
3539,4232,10,4,-4,9,5,0,-5,-1
3548,4240,14,-2,4,17,23,0,-5,-2
3548,4240,30,11,-4,31,24,-4,2,0
3549,4241,21,9,-1,23,24,-1,1,0
3549,4241,11,2,-10,10,-6,3,-5,-1
3562,4254,15,0,-2,17,23,5,-6,-4
3562,4254,27,10,4,33,24,-3,2,3
3569,4261,21,7,-2,23,25,0,3,0
3569,4261,12,4,1,12,0,-1,-6,-1
3586,4278,15,-1,-3,17,22,3,-5,-5
3586,4278,28,8,2,32,23,0,5,1
3587,4279,21,10,-4,23,26,1,4,1
3587,4279,5,3,7,2,0,-1,-4,-1
3608,4300,15,0,-3,18,21,0,-5,-2
3608,4300,30,8,1,32,29,-2,5,0
3623,4315,21,10,2,23,25,-3,2,0
3623,4315,8,2,-4,1,13,2,-8,0
3624,4316,15,2,1,16,23,1,-5,0
3624,4316,26,9,1,32,34,-2,8,0
3629,4322,21,9,1,23,26,-1,7,1
3629,4322,4,2,-1,1,-3,0,-6,1
3645,4338,15,1,-7,17,24,-1,-4,-3
3645,4338,31,8,-2,29,28,-1,3,2
3647,4339,21,11,6,23,24,-2,3,0
3647,4339,1,2,2,-1,-3,4,-6,0
3675,4368,16,2,1,18,23,-1,-4,-3
3675,4368,27,9,-3,28,29,-2,3,0
3677,4369,20,10,-11,22,27,-1,6,0
3677,4369,-1,4,3,-1,-8,2,-5,-1
3682,4374,15,1,1,17,21,2,-5,-3
3682,4374,32,9,3,33,29,-3,6,0
3689,4381,21,11,3,21,27,-3,3,2
3689,4381,3,3,-4,4,-10,1,-3,-1
3705,4397,15,1,4,18,19,-4,-1,-4
3705,4397,30,13,4,27,29,1,3,-2
3707,4399,21,10,0,22,28,-1,5,2
3707,4399,-6,2,-4,-2,1,1,-6,1
3729,4421,15,1,-5,17,22,2,-5,-3
3729,4421,29,10,-1,29,33,-5,6,-1
3734,4426,20,10,2,21,25,-3,4,-2
3734,4426,-7,-1,-3,-4,1,-2,-8,-2
3742,4434,16,2,4,17,23,0,-4,1
3742,4434,25,11,2,28,31,0,4,4
3749,4441,19,11,-5,21,26,3,6,1
3749,4441,-8,-2,-11,-3,12,-2,-7,-2
3766,4458,14,2,6,17,25,2,-4,-3
3766,4458,29,10,1,30,31,-1,4,-1
3767,4459,20,6,-4,20,25,-4,7,1
3767,4459,-3,-1,2,2,3,2,-6,-1
3787,4479,15,2,1,17,23,1,-3,-2
3787,4479,27,7,4,28,33,-1,6,1
3795,4488,19,10,-8,20,28,0,4,-1
3795,4488,-6,-3,3,-2,9,2,-4,-1
3802,4494,15,2,3,17,21,1,-4,-5
3802,4494,24,9,4,28,30,3,3,3
3809,4501,18,8,-6,20,27,0,3,2
3809,4501,2,-3,1,3,8,0,-7,3
3825,4518,16,2,4,18,23,1,-1,-5
3825,4518,27,11,-7,29,27,-1,4,0
3832,4524,18,6,4,21,27,-2,6,0
3832,4524,-1,-3,2,0,4,4,-7,1
3848,4541,15,1,-3,18,22,-3,2,1
3848,4541,27,7,-5,28,28,-2,5,0
3849,4542,18,10,2,20,26,-3,0,-1
3850,4542,2,-6,-2,5,9,4,-5,-2
3862,4554,16,2,-1,19,30,-4,-3,-2
3862,4554,24,9,0,28,27,0,1,2
3871,4563,19,9,-1,21,26,-4,7,1
3871,4563,0,-2,6,-1,12,3,-9,-2
3886,4578,15,2,-8,18,31,-3,-2,-2
3886,4578,27,9,1,27,30,-3,5,-2
3887,4579,18,8,-3,21,27,1,5,-1
3887,4579,2,-5,-5,1,18,-2,-8,-2
3908,4600,16,2,0,19,32,1,0,-1
3908,4600,30,14,7,25,25,-1,4,0
3909,4602,19,6,6,21,26,-2,4,2
3909,4602,0,-3,-4,-7,3,-2,-8,-1
3922,4614,16,2,4,18,36,-1,-1,-3
3922,4614,27,7,-6,28,25,-1,7,1
3930,4623,19,6,0,21,30,-1,7,-2
3930,4623,1,-7,-6,-6,10,0,-7,-4
3961,4654,17,1,3,18,35,0,0,-1
3961,4654,24,8,1,27,23,-1,4,1
3962,4655,20,8,-3,21,30,-1,7,2
3962,4655,-8,-6,-3,-7,6,1,-7,-1
3968,4661,16,2,0,17,31,0,1,-2
3968,4661,25,9,1,27,31,-3,3,0
3970,4662,19,7,0,21,28,1,6,2
3970,4662,-4,-9,-5,-1,14,3,-9,-3
3982,4674,17,2,-8,18,31,0,1,-4
3982,4674,23,11,5,31,27,-2,5,2
3990,4683,19,8,2,21,29,-1,6,-1
3990,4683,-3,-4,6,-6,10,3,-8,-2
4005,4698,17,2,1,17,36,-1,1,-1
4005,4698,28,8,-10,24,29,2,3,-3
4007,4700,19,8,1,21,32,-3,8,2
4007,4700,-5,-6,4,-9,12,3,-8,0
4028,4720,16,2,-3,18,25,-1,2,1
4028,4720,29,8,1,28,28,1,4,-3
4034,4726,20,12,-1,21,32,2,5,3
4034,4726,-10,-5,-2,-9,11,0,-9,-1
4042,4733,15,2,7,16,27,0,-1,-3
4042,4733,26,10,4,29,29,-3,5,-1
4051,4743,21,10,-5,21,27,-4,6,-2
4051,4743,-7,-9,-3,-1,17,-1,-9,-2
4065,4756,15,2,3,17,35,0,1,0
4065,4756,27,11,-10,24,27,0,6,0
4073,4765,19,11,8,21,32,-1,6,1
4073,4765,-7,-8,-3,-1,22,0,-9,0
4095,4788,16,1,-1,17,26,-2,1,-3
4095,4788,27,5,1,29,26,1,4,1
4097,4789,19,7,-6,20,29,-2,6,3
4097,4789,-10,-11,-2,0,17,2,-12,-2
4102,4793,16,2,-3,18,24,-1,1,-3
4102,4793,23,14,2,24,27,-3,3,0
4110,4803,19,10,-4,21,31,-2,9,3
4110,4803,-7,-10,1,1,22,2,-7,1
4126,4818,15,2,2,20,27,-3,2,-3
4126,4818,25,9,-8,25,26,-3,5,2
4127,4820,19,10,1,22,30,-2,2,2
4127,4820,-4,-9,-5,5,23,1,-8,-2
4148,4840,15,2,6,20,22,-2,0,1
4148,4840,26,13,1,26,25,-1,6,-1
4149,4841,20,7,1,21,29,0,5,-2
4150,4841,-2,-10,-2,3,21,2,-7,-5
4162,4854,18,1,0,21,26,1,0,0
4162,4854,27,8,-6,26,26,1,7,1
4171,4863,20,8,-1,23,27,-3,6,4
4171,4863,1,-8,-2,6,25,-1,-9,-2
4185,4877,19,1,6,22,28,-1,2,-3
4185,4877,26,9,0,23,24,0,5,0
4187,4879,20,8,-6,22,28,-1,8,0
4187,4879,1,-11,-4,5,24,1,-8,0
4208,4900,19,2,3,24,36,0,0,0
4208,4900,25,7,8,24,24,-1,0,1
4209,4902,20,6,-5,22,31,-2,7,1
4209,4902,4,-11,3,9,22,3,-8,-2
4238,4930,20,1,-4,22,37,0,2,0
4238,4930,24,7,0,25,26,-2,3,-1
4239,4931,20,7,3,24,30,0,6,1
4239,4931,6,-11,-3,6,24,-2,-9,1
4244,4937,20,1,-1,22,43,-3,3,-5
4244,4937,25,9,2,26,26,0,3,2
4253,4945,21,8,2,25,29,-3,7,0
4253,4945,6,-10,0,8,24,-1,-11,-1
4268,4960,20,1,-5,21,37,-1,6,0
4268,4960,24,13,9,23,24,-5,1,2
4270,4962,21,5,-7,23,27,-2,9,0
4270,4962,5,-12,1,7,24,3,-10,-1
4282,4974,21,1,-7,22,41,-5,2,-3
4282,4974,24,9,-1,24,26,1,4,0
4291,4982,22,8,6,24,27,-2,8,0
4291,4982,6,-12,1,8,24,5,-10,-4
4305,4998,20,2,0,19,38,0,5,1
4305,4998,22,8,-7,23,23,-2,4,4
4307,4999,23,7,-1,24,29,-2,7,3
4307,4999,7,-11,-1,7,22,3,-7,-3
4328,5020,19,3,4,20,43,-2,5,-3
4328,5020,24,12,-3,22,24,0,4,0
4329,5022,23,7,-1,25,27,-1,8,2
4329,5022,6,-13,-1,7,24,0,-9,-3
4351,5043,18,2,1,18,37,-1,3,3
4351,5043,23,9,2,23,22,-2,2,0
4352,5044,22,8,0,24,26,-2,5,-1
4352,5044,6,-12,4,7,23,2,-11,-3
4365,5056,20,4,-3,18,55,-3,8,-1
4365,5056,22,9,0,22,25,0,4,0
4405,5097,23,7,-7,25,26,-1,8,1
4405,5097,7,-12,-1,10,24,2,-9,-1
4406,5098,18,3,2,20,34,-1,3,-3
4406,5098,22,11,-3,22,24,0,5,2
4419,5110,22,7,4,23,27,-1,7,1
4419,5110,5,-12,-4,12,21,0,-8,-1
4419,5112,18,3,9,20,39,0,4,0
4419,5112,22,7,-4,21,26,-3,5,0
4421,5114,23,9,2,24,23,-1,6,2
4421,5114,8,-11,-4,12,25,1,-9,-4
4425,5117,16,3,3,19,48,0,3,1
4425,5117,21,11,2,21,23,0,5,1
4427,5119,21,9,-1,23,26,-2,7,2
4427,5119,7,-12,-1,15,23,-1,-9,-3
4448,5140,17,4,1,27,37,-6,4,0
4448,5140,20,11,2,21,24,-2,3,-1
4449,5141,22,8,-3,24,24,-1,9,2
4449,5141,10,-13,-5,15,25,1,-11,-1
4470,5162,17,3,-6,25,30,-3,5,-1
4470,5162,20,9,1,20,24,0,7,0
4478,5170,21,9,-1,24,22,-3,6,1
4478,5170,10,-13,3,16,23,1,-9,-1
4485,5177,17,3,3,28,44,1,6,-1
4485,5177,19,7,-7,21,25,-2,4,1
4492,5184,22,7,3,23,24,-3,7,2
4492,5184,12,-12,-4,17,25,0,-9,-3
4509,5201,17,2,-3,27,29,-3,5,-3
4509,5201,21,13,-1,20,22,-2,4,0
4514,5206,22,6,-1,23,24,-1,4,1
4514,5206,13,-13,1,17,24,1,-11,0
4538,5230,24,3,3,32,43,0,5,-3
4538,5230,20,8,2,20,26,1,4,1
4545,5237,21,7,-5,23,24,-1,4,0
4545,5237,14,-9,0,19,21,0,-10,-1
4545,5237,26,2,-4,29,51,1,7,0
4545,5237,20,8,4,21,28,-3,4,-1
4553,5245,22,6,-1,24,24,-1,4,-1
4553,5245,15,-13,2,19,23,3,-10,-3
4568,5261,27,4,3,33,37,1,6,1
4568,5261,19,8,-8,20,24,-1,5,1
4569,5262,21,6,2,23,23,-4,6,5
4569,5262,16,-13,-3,19,22,-2,-8,-3
4591,5284,27,2,4,32,44,-3,4,1
4591,5284,19,9,-3,21,29,-2,6,0
4592,5285,21,5,0,23,24,1,5,0
4592,5285,17,-12,-1,19,23,2,-11,-4
4604,5297,29,3,5,31,48,-3,7,2
4604,5297,19,11,2,20,27,-1,6,4
4613,5305,22,5,-10,23,20,0,6,0
4613,5305,17,-10,-1,19,23,0,-10,-3
4628,5320,26,2,1,29,42,0,4,-2
4628,5320,20,7,1,21,28,-3,4,-1
4634,5326,22,5,-2,22,21,-1,4,0
4634,5326,17,-11,3,20,22,2,-10,-1
4651,5342,29,7,-2,32,42,0,4,0
4651,5342,19,8,-1,19,28,-1,4,1
4652,5344,22,6,0,23,21,-1,5,2
4652,5344,17,-8,0,19,22,1,-10,-2
4665,5357,28,5,-3,29,49,-3,5,1
4665,5357,20,7,0,19,30,0,3,0
4672,5364,21,6,2,22,22,2,5,-1
4672,5364,18,-10,0,19,20,2,-10,-5
4696,5388,26,5,1,30,37,-4,6,1
4696,5388,18,11,2,20,28,-3,4,1
4697,5389,21,5,-2,22,15,-3,3,3
4697,5389,17,-11,-4,18,21,1,-9,-3
4710,5403,25,7,1,30,37,0,8,0
4710,5403,19,7,0,21,27,-1,4,1
4712,5404,21,6,3,22,15,2,1,1
4712,5404,17,-10,-3,18,23,0,-11,-3
4725,5418,28,4,3,31,36,-4,6,-2
4725,5418,18,8,-6,19,28,-2,3,-2
4731,5424,20,6,3,21,16,3,5,3
4732,5424,17,-11,2,19,18,2,-8,-2
4748,5440,24,9,-2,28,39,-2,5,1
4748,5440,18,6,-5,19,28,-5,3,1
4749,5442,21,5,2,20,18,-2,4,1
4749,5442,16,-8,0,19,20,2,-9,-3
4770,5463,29,6,-2,35,43,0,6,0
4770,5463,18,12,0,20,29,0,4,1
4772,5464,19,6,-3,20,17,-2,3,1
4772,5464,16,-8,0,17,21,3,-9,-2
4793,5486,25,6,3,34,37,-1,4,-2
4793,5486,18,13,3,21,26,-1,4,0
4794,5487,19,6,-3,20,15,-2,2,0
4795,5487,16,-12,3,19,21,4,-12,-1
4808,5500,25,6,-1,36,40,-2,5,0
4808,5500,17,8,0,20,27,0,4,3
4809,5502,18,7,-1,20,15,3,2,0
4809,5502,16,-10,-2,18,22,0,-7,-3
4830,5523,31,7,0,37,27,0,3,1
4830,5523,19,9,2,20,27,-1,3,0
4832,5524,18,6,-4,20,20,-2,1,-1
4832,5524,16,-12,-1,20,19,0,-9,-1
4844,5536,34,6,0,33,34,-2,8,1
4844,5536,18,9,5,21,28,1,4,0
4853,5546,19,5,-1,20,18,1,-2,2
4853,5546,16,-9,-9,19,20,2,-5,-2
4868,5560,34,6,2,39,33,-1,9,0
4868,5560,19,8,-1,22,27,-1,4,-1
4870,5562,19,5,0,19,17,-3,1,0
4870,5562,17,-7,11,19,21,0,-9,-4
4890,5582,33,8,-2,30,32,-1,4,2
4890,5582,19,10,-3,22,27,-1,4,2
4898,5590,19,5,-3,20,20,-2,2,0
4898,5590,16,-6,1,19,20,1,-8,-3
4904,5596,32,6,0,35,36,-3,4,-2
4904,5596,20,9,1,23,29,-1,3,0
4913,5605,17,6,-2,16,18,0,0,2
4913,5605,17,-5,0,18,21,-1,-8,-2
4927,5619,36,5,-3,35,30,-3,7,-1
4927,5619,20,9,-1,21,29,1,3,1
4943,5635,16,5,-6,17,17,-1,-1,0
4943,5635,17,-5,4,19,20,1,-8,-5
4951,5643,33,5,3,34,25,-1,8,1
4951,5643,20,8,-3,23,29,-3,4,2
4957,5649,15,5,-2,12,6,-1,1,-1
4957,5649,16,-6,-1,18,21,2,-9,-2
4964,5656,30,8,1,34,34,-2,6,0
4964,5656,21,10,1,22,29,-1,5,1
4973,5665,15,5,2,15,13,-3,-1,0
4973,5665,16,-5,-4,17,22,3,-8,-1
4988,5681,35,9,1,34,28,0,6,3
4988,5681,21,9,-4,24,28,2,3,-3
4989,5682,14,6,0,15,2,1,-2,-1
4989,5682,17,-2,6,18,23,2,-9,-4
5010,5703,34,8,-2,30,31,-2,5,3
5010,5703,21,10,-9,22,28,-3,4,1
5012,5704,12,6,2,11,3,-3,-2,1
5012,5704,15,-5,-4,16,21,-2,-8,-5
5033,5725,30,10,8,31,34,2,5,-3
5033,5725,21,8,-5,21,28,-2,7,1
5035,5727,11,5,1,10,15,4,-2,2
5035,5727,16,-4,-2,17,23,-2,-11,-2
5048,5740,29,12,1,36,29,-2,4,0
5048,5740,21,9,3,22,28,-2,5,1
5049,5742,13,5,-4,13,4,1,-2,1
5049,5742,16,-1,0,16,23,4,-4,-2
5071,5763,33,8,-4,30,26,1,2,-1
5071,5763,20,10,1,22,25,0,6,0
5072,5764,11,4,-1,10,6,0,-2,1
5072,5764,15,-3,4,15,24,1,-9,-3
5084,5777,26,7,2,31,25,-3,4,-1
5084,5777,20,5,-6,21,25,3,3,1
5093,5786,11,4,-3,11,5,0,-3,0
5093,5786,15,-2,-3,16,24,0,-6,-3
5108,5800,31,10,-2,31,25,-2,8,-2
5108,5800,20,10,5,22,25,-3,2,1
5109,5801,9,2,-5,11,6,4,-3,-1
5109,5801,15,-4,1,15,21,3,-6,0
5131,5823,27,9,-2,30,30,0,3,0
5131,5823,20,11,4,21,26,-1,3,2
5132,5824,11,5,-1,13,7,0,-5,0
5132,5824,13,-2,1,16,23,-1,-7,-3
5153,5845,31,7,3,32,33,-3,2,0
5153,5845,20,7,-3,23,26,-4,0,0
5154,5846,10,4,-2,12,3,2,-4,2
5154,5846,15,-3,5,16,22,2,-7,-3
5168,5860,31,10,-6,28,33,-1,4,-2
5168,5860,20,11,9,22,24,1,4,-2
5170,5862,12,4,-9,7,11,-3,-5,0
5170,5862,14,-1,-3,15,24,0,-6,-6
5190,5883,30,10,5,35,30,-4,6,-3
5190,5883,20,8,-3,23,25,1,2,0
5192,5884,11,3,3,13,-1,-1,-5,1
5192,5884,13,0,0,17,22,-1,-6,-2
5204,5896,27,6,-4,34,33,1,1,2
5204,5896,21,3,-8,23,25,-1,3,2
5230,5923,11,2,3,10,8,2,-6,0
5230,5923,15,-1,0,17,23,0,-4,0
5231,5923,28,8,5,36,25,-4,3,3
5231,5923,21,11,0,23,27,1,3,1
5234,5926,11,3,0,10,11,0,-7,-3
5234,5926,15,2,-2,17,23,1,-5,-3
5250,5943,29,8,-1,30,34,-2,4,-1
5250,5943,20,9,-1,23,26,0,4,-2
5252,5944,8,2,-3,5,11,-1,-5,1
5252,5944,15,1,-2,18,25,-2,-3,-3
5273,5965,27,10,1,29,22,1,2,1
5273,5965,21,10,3,23,26,-1,3,1
5274,5967,6,5,6,1,-6,4,-5,1
5274,5967,16,0,-8,17,25,1,-5,-2
5288,5980,31,8,-2,31,35,-1,2,0
5288,5980,21,8,2,22,26,1,8,0
5289,5981,4,4,1,3,12,3,-4,0
5289,5981,15,1,3,18,24,2,-3,-3
5310,6003,27,9,1,30,25,0,6,1
5310,6003,21,10,4,23,28,-1,2,3
5312,6004,3,1,-12,-2,-4,1,-5,0
5312,6004,16,1,3,17,23,-1,-5,-4
5333,6024,29,6,-5,29,37,-2,7,-3
5333,6024,21,8,0,21,29,0,6,2
5349,6041,3,3,2,1,-1,-1,-5,-1
5349,6041,16,2,0,18,24,0,-3,-2
5349,6041,31,9,-3,27,40,-2,6,1
5349,6041,20,11,-4,22,28,-1,1,2
5351,6043,-4,1,7,-2,-7,2,-7,-2
5351,6043,15,2,-2,17,23,2,-4,-2
5370,6063,32,9,0,29,28,-1,2,1
5371,6063,21,8,-4,20,28,-2,4,2
5372,6064,1,2,-2,-2,2,0,-4,-2
5372,6064,15,1,0,17,25,-2,-4,-3
5400,6093,26,9,-1,26,30,0,3,-1
5400,6093,21,9,-2,21,27,-2,5,-3
5408,6100,-4,1,2,-4,-4,3,-7,2
5408,6100,15,2,4,17,24,-1,-3,1
5409,6101,29,10,1,29,35,-1,5,2
5409,6101,20,11,-4,21,28,-1,5,0
5422,6114,-1,1,-4,3,10,0,-6,-2
5422,6114,16,2,-1,16,25,-2,-3,-4
5430,6123,26,7,3,28,29,-1,1,2
5430,6123,19,9,1,20,26,0,6,0
5432,6124,-5,0,-9,-1,10,0,-5,-2
5432,6124,16,2,-2,18,24,-1,-4,-1
5453,6145,27,13,6,27,27,-3,2,0
5453,6145,19,11,5,20,26,0,1,1
5455,6148,-2,-3,-15,3,7,3,-5,-1
5455,6148,15,3,2,18,25,2,-4,-5
5467,6160,24,6,0,26,28,-3,6,2
5467,6160,19,9,0,20,26,-3,4,3
5499,6191,-2,-4,5,1,6,1,-5,1
5499,6191,15,2,-2,17,24,2,-4,-2
5499,6191,26,10,2,31,27,1,3,-1
5499,6191,18,12,-4,21,26,-3,6,-2
5501,6194,1,-5,-2,3,8,-1,-7,-1
5501,6194,15,1,1,18,22,2,-2,-3
5513,6206,25,8,-2,25,32,-1,3,-1
5513,6206,18,7,0,21,28,-2,4,0
5515,6207,-2,-6,0,2,11,1,-9,-2
5515,6207,16,2,4,18,26,0,-1,0
5527,6220,30,9,8,32,33,-1,3,2
5527,6220,19,6,-3,20,28,-1,3,-1
5534,6227,2,-3,0,3,16,2,-8,0
5534,6227,16,1,6,19,34,-3,-2,-1
5558,6250,25,6,-8,27,35,-2,6,0
5558,6250,19,7,-1,21,28,-1,7,1
5559,6252,1,-5,0,2,11,3,-8,-3
5559,6252,16,2,-1,19,34,-1,0,-1
5573,6265,25,8,-3,28,27,0,4,0
5573,6265,19,7,-3,21,30,0,5,0
5574,6266,2,-8,-7,-3,12,-1,-5,-1
5574,6266,17,2,3,18,37,3,0,-4
5587,6279,23,11,1,27,29,-3,4,0
5587,6279,19,7,-6,22,29,1,5,3
5595,6288,0,-6,2,-9,3,-1,-8,0
5595,6288,17,1,-8,18,32,0,1,-2
5610,6302,24,9,-4,32,32,-2,3,1
5610,6302,19,7,10,22,32,-1,2,0
5612,6304,1,-3,0,0,12,1,-6,-2
5612,6304,17,2,-1,17,33,-3,0,-3
5633,6325,24,9,-2,25,27,0,2,1
5633,6325,19,8,-1,21,30,-1,7,0
5634,6327,-5,-5,0,-9,10,2,-9,-1
5634,6327,17,2,1,18,33,-1,1,-2
5655,6347,29,10,-1,28,32,-1,9,0
5656,6347,20,8,-2,22,30,-1,5,1
5657,6349,-2,-7,-5,-9,12,3,-10,-3
5657,6349,16,2,1,17,31,-1,1,-1
5685,6377,24,11,1,23,29,0,5,1
5685,6377,20,7,-3,21,31,1,8,1
5687,6379,-6,-5,1,-8,11,2,-10,-4
5687,6379,16,2,-3,17,27,0,0,-3
5693,6385,26,9,-1,25,28,0,5,0
5693,6385,20,8,-2,21,33,-3,10,2
5708,6400,-8,-5,0,-4,10,3,-9,0
5708,6400,16,2,1,18,26,-1,1,-4
5708,6400,26,8,3,30,28,-4,4,-1
5708,6400,19,10,-6,20,33,0,5,2
5715,6407,-8,-9,3,-3,14,2,-5,-1
5715,6407,15,3,-3,16,29,-3,0,-1
5730,6422,28,9,-1,28,27,0,6,2
5730,6422,20,10,-1,21,28,0,7,3
5738,6431,-5,-8,-1,-1,18,0,-9,-2
5738,6431,16,2,3,17,29,-2,1,-1
5782,6474,26,8,-4,25,27,2,4,0
5782,6474,20,7,1,21,28,-4,6,-1
5792,6484,-9,-7,2,-4,19,3,-9,0
5792,6484,15,1,7,19,30,1,2,0
5794,6486,27,14,4,25,25,0,2,2
5794,6486,20,11,-4,21,29,-1,5,1
5799,6492,-7,-7,-1,3,21,1,-7,-3
5800,6492,16,1,0,20,26,1,1,-3
5800,6492,28,9,-1,24,26,-3,6,-2
5800,6492,19,8,-7,21,31,-4,6,-1
5820,6513,23,8,0,26,26,1,5,-1
5820,6513,19,10,3,22,28,-2,6,1
5822,6514,-2,-11,-4,6,21,0,-9,-1
5822,6514,17,2,1,20,25,2,0,0
5826,6519,22,7,-2,24,24,-3,3,0
5826,6519,19,8,-6,21,30,-5,4,3
5836,6527,-3,-11,-5,4,24,-2,-6,-2
5836,6527,18,2,1,21,37,0,1,-2
5851,6543,23,9,5,24,25,-1,3,-1
5851,6543,19,8,-1,22,28,-2,6,1
5852,6544,1,-10,5,7,21,4,-9,2
5852,6544,19,0,-2,22,37,0,4,-2
5873,6565,27,8,-6,22,24,-1,2,-1
5873,6565,20,8,6,23,31,-2,8,1
5874,6567,2,-10,-1,6,23,1,-8,0
5874,6567,20,0,-2,21,45,-6,3,1
5903,6595,24,9,2,25,26,0,2,1
5903,6595,20,8,-7,23,29,0,8,0
5905,6597,7,-11,2,8,23,-1,-8,-4
5905,6597,20,1,2,20,45,-4,3,-2
5910,6603,27,11,-4,25,25,-1,2,-1
5910,6603,20,7,-8,24,29,0,4,1
5912,6604,4,-9,3,7,23,3,-9,-2
5912,6604,20,2,-1,22,50,-2,2,-2
5933,6625,26,12,5,26,27,-3,3,1
5933,6625,22,6,1,24,28,-3,8,3
5934,6627,6,-12,-5,9,26,0,-8,-3
5935,6627,20,1,-5,21,46,-4,4,-3
5947,6639,24,10,0,26,25,-2,4,1
5947,6639,21,6,0,24,27,1,7,0
5955,6647,6,-11,-5,8,25,3,-9,-2
5955,6647,19,2,7,22,56,0,7,0
5970,6662,24,7,1,25,26,-1,4,2
5970,6662,22,9,4,25,32,-2,9,1
5972,6664,8,-11,-4,8,27,1,-11,-4
5972,6664,19,2,0,19,44,-2,3,-1
5993,6686,25,8,-3,22,26,-1,5,1
5993,6686,22,7,2,24,30,-1,8,3
5994,6687,7,-14,-2,7,24,1,-10,-2
5994,6687,19,4,5,20,41,-2,4,-1
6007,6698,24,6,-6,23,27,1,6,0
6007,6698,23,7,-9,24,29,-2,7,0
6015,6708,6,-10,2,7,23,2,-8,-4
6015,6708,18,3,2,19,49,-1,4,-2
6029,6722,22,12,4,23,27,1,2,1
6029,6722,23,8,-2,25,27,-3,8,3
6038,6731,8,-15,-5,9,27,0,-8,-2
6038,6731,19,3,1,19,34,-2,6,-1
6053,6745,23,8,5,22,23,0,7,2
6053,6745,23,8,0,25,27,-3,7,-1
6067,6760,7,-9,-1,11,24,0,-10,0
6067,6760,19,2,-7,19,36,2,4,-2
6068,6760,22,8,1,22,26,-1,5,1
6068,6760,22,9,1,23,25,1,7,3
6075,6767,5,-12,0,12,26,1,-9,-3
6075,6767,18,3,-2,20,38,-1,4,1
6090,6782,22,13,2,21,25,-3,6,-2
6090,6782,23,8,-5,24,26,-1,7,0
6092,6784,8,-13,4,14,25,2,-11,-3
6092,6784,17,3,-8,19,42,-1,6,0
6113,6806,22,7,-5,20,23,-1,6,1
6113,6806,22,8,4,22,27,-2,8,2
6114,6807,8,-12,-1,15,27,3,-12,-3
6114,6807,16,3,5,28,38,0,4,0
6127,6819,21,8,-6,20,27,0,5,1
6127,6819,23,8,2,24,26,0,7,3
6141,6834,9,-15,2,17,25,0,-8,0
6141,6834,22,3,4,29,34,-2,3,-1
6150,6842,20,13,1,20,25,-1,4,-1
6150,6842,21,8,-2,23,25,1,9,-1
6157,6849,11,-11,-4,17,23,3,-10,1
6157,6849,24,3,-1,29,37,-1,6,-2
6173,6865,21,10,6,20,26,-3,2,1
6173,6865,22,8,6,23,24,-1,6,-2
6174,6866,13,-14,-3,17,26,-2,-11,-5
6174,6866,26,2,3,32,32,-2,7,0
6195,6888,20,6,-5,21,25,-1,2,0
6195,6888,22,7,1,23,21,0,6,1
6197,6889,14,-12,-5,18,24,2,-12,-1
6197,6889,24,3,4,34,46,-1,7,1
6210,6903,19,10,2,21,26,0,6,1
6210,6903,21,5,-3,24,23,-3,7,1
6212,6904,15,-9,1,19,24,0,-6,-3
6212,6904,31,2,-2,34,50,-4,4,-1
6240,6933,19,8,2,20,27,-1,3,1
6240,6933,22,5,-4,24,28,0,5,2
6242,6934,16,-10,-6,19,23,3,-9,-3
6242,6934,26,4,7,30,41,-1,6,1
6263,6956,19,8,-3,21,29,-1,5,2
6263,6956,22,6,1,23,26,-1,4,0
6265,6958,16,-13,-3,19,23,1,-8,0
6265,6958,28,2,3,34,60,1,5,-1
6270,6963,19,10,-4,21,29,1,4,2
6270,6963,21,6,2,22,26,-3,4,3
6272,6964,17,-11,-6,20,25,3,-10,-3
6272,6964,28,5,0,32,57,-2,8,-3
6293,6985,19,11,0,21,28,-4,5,-1
6293,6985,22,6,0,24,21,-1,6,2
6294,6987,17,-12,2,19,23,2,-9,-3
6294,6987,26,6,1,32,46,-2,5,1
6323,7015,19,12,-4,20,31,-3,6,-1
6323,7015,21,7,3,23,14,0,4,3
6325,7016,17,-11,2,20,23,0,-10,-3
6325,7016,27,3,-2,31,41,3,6,2
6330,7023,19,8,0,21,29,-1,3,0
6330,7023,22,6,-7,23,21,0,3,-2
6332,7024,17,-9,7,19,20,2,-8,-6
6332,7024,29,6,1,29,44,-3,7,0
6360,7053,19,7,-5,20,32,1,6,4
6360,7053,22,6,1,23,19,0,4,1
6362,7055,17,-12,0,19,24,1,-11,-5
6362,7055,29,8,1,29,43,0,7,-2
6375,7068,19,14,1,21,28,2,5,0
6375,7068,22,6,-6,22,20,-3,5,2
6377,7069,17,-9,2,20,22,1,-7,0
6377,7069,25,7,2,29,32,0,8,-1
6398,7090,20,5,-2,20,28,-2,5,-1
6398,7090,20,6,-1,21,22,-2,5,-1
6399,7092,17,-12,0,19,23,1,-9,-2
6400,7092,28,9,-1,32,33,-4,5,1
6413,7106,18,9,-2,19,29,-1,7,1
6413,7106,20,6,0,21,11,-3,1,3
6415,7107,16,-9,5,19,23,1,-9,-1
6415,7107,27,5,-1,30,36,-1,3,-1
6435,7127,19,11,2,21,26,-4,5,2
6435,7127,20,6,-7,20,22,-1,4,1
6437,7130,17,-10,-2,19,20,4,-11,-1
6437,7130,27,8,-3,29,41,-3,5,0
6458,7150,17,8,1,19,31,-3,2,-3
6458,7150,19,5,-1,20,14,0,4,1
6459,7152,16,-11,-2,18,22,0,-7,-4
6459,7152,26,7,-1,26,41,-2,4,6
6488,7180,18,8,-1,21,27,0,3,2
6488,7180,19,7,-1,19,21,-1,5,-1
6489,7182,17,-10,0,19,20,0,-9,-2
6489,7182,32,6,-3,34,29,-2,6,1
6495,7188,18,10,-1,20,29,0,3,0
6495,7188,19,6,0,20,20,0,2,2
6502,7194,15,-9,2,18,24,-1,-8,-4
6502,7194,34,3,1,36,39,-1,5,-1
6510,7203,19,8,0,21,27,1,4,2
6510,7203,19,5,-5,21,21,0,2,2
6516,7208,16,-8,-3,18,22,3,-8,-3
6517,7208,32,8,2,40,32,-2,5,-1
6533,7225,20,8,-8,22,27,-1,1,-1
6533,7225,18,5,-1,19,21,0,-2,0
6540,7233,17,-7,8,18,22,-1,-6,-1
6540,7233,32,5,0,39,37,-1,6,1
6555,7247,19,9,1,22,30,-1,5,2
6555,7247,18,5,2,19,11,0,0,1
6563,7255,17,-6,-1,19,21,3,-11,0
6563,7255,30,5,0,35,25,-3,4,-2
6570,7262,20,8,-1,22,29,-1,3,0
6570,7262,17,5,-4,15,4,-1,-1,1
6576,7269,17,-5,9,19,20,1,-7,-2
6577,7269,33,7,-7,38,31,-3,7,1
6592,7284,20,8,-5,22,29,-1,4,0
6592,7284,17,5,4,19,8,2,-3,1
6608,7300,17,-6,-8,18,21,3,-7,-3
6608,7300,33,8,1,33,28,-1,3,0
6623,7315,20,8,-2,23,29,-4,4,1
6623,7315,15,6,-1,15,14,1,-1,-2
6624,7317,16,-4,-1,18,19,1,-7,-4
6624,7317,32,6,0,36,35,-2,6,0
6630,7322,20,10,3,23,29,0,4,4
6630,7322,13,5,-4,13,8,-1,-2,2
6637,7329,16,-5,-1,18,22,2,-10,-5
6637,7329,31,5,1,32,32,-3,4,0
6653,7345,20,9,6,22,28,1,4,-1
6653,7345,15,5,-7,16,1,-1,0,2
6654,7346,16,-2,-2,18,22,1,-8,-3
6654,7346,27,8,2,37,30,0,9,1
6675,7368,20,8,3,23,29,-1,3,0
6675,7368,11,5,-1,11,19,-2,0,-2
6677,7369,16,-4,-1,17,22,2,-6,-2
6677,7369,30,9,3,37,37,0,4,-1
6705,7398,19,7,-2,22,28,-1,1,1
6705,7398,12,5,1,15,0,1,-1,0
6707,7399,16,-4,-5,17,22,-2,-8,-1
6707,7399,27,6,-4,28,41,0,6,-1
6713,7405,20,8,0,24,28,-2,8,2
6713,7405,11,4,-1,12,19,0,-1,1
6714,7406,16,-3,3,17,23,0,-9,-1
6714,7406,30,8,-2,34,30,2,6,1
6736,7428,20,9,0,22,28,-2,5,0
6736,7428,12,5,-4,13,0,2,-2,1
6737,7429,15,-3,3,16,24,-2,-5,-4
6737,7429,29,9,3,33,24,-1,5,1
6749,7441,20,9,-6,23,26,2,4,0
6749,7441,11,5,0,13,3,1,-3,0
6765,7458,15,-4,-1,17,25,1,-7,-4
6765,7458,30,10,3,29,22,-2,3,2
6796,7489,20,12,0,22,25,-3,2,3
6796,7489,11,4,2,11,4,1,-2,0
6797,7490,14,-2,-2,17,24,4,-6,-3
6797,7490,27,7,-3,32,31,0,6,-1
6802,7495,20,8,1,22,25,0,3,-1
6802,7495,9,3,-4,10,5,1,-1,-2
6819,7511,15,-4,-1,16,23,3,-7,-2
6819,7511,29,11,6,27,22,0,4,0
6819,7511,19,9,2,22,25,-2,3,1
6819,7511,11,4,-4,14,9,-1,-4,2
6821,7514,14,-1,-4,15,24,0,-3,-3
6821,7514,33,10,-1,31,29,-2,2,3
6833,7525,20,8,-5,24,24,-1,4,1
6833,7525,11,3,-4,12,4,0,-5,-1
6835,7527,13,-2,-5,16,24,1,-7,-2
6835,7527,30,8,5,35,33,-4,5,-3
6855,7548,21,7,-8,22,23,1,4,0
6855,7548,11,4,7,13,14,-2,-3,2
6857,7549,14,-2,-3,17,23,1,-5,-3
6857,7549,30,7,-4,27,33,-1,4,0
6869,7562,21,11,4,23,25,-2,2,1
6870,7562,11,3,0,10,6,0,-3,0
6878,7570,14,-1,3,17,22,2,-7,-2
6878,7570,28,8,1,32,35,1,4,1
6900,7592,20,9,1,23,27,-2,5,1
6900,7592,10,3,-3,5,18,4,-7,1
6902,7595,15,0,1,17,24,-4,-3,0
6902,7595,28,10,1,29,36,1,3,0
6915,7607,21,10,1,23,27,1,2,-1
6915,7607,11,3,-7,9,3,-1,-4,-2
6923,7616,16,0,1,16,24,1,-5,-3
6923,7616,30,3,-3,28,29,-2,4,-2
6929,7621,21,5,3,23,26,-2,5,0
6929,7621,13,1,3,10,9,1,-5,-1
6946,7638,15,-1,0,19,26,2,-6,-3
6946,7638,25,8,-1,30,26,-4,2,0
6953,7645,21,8,-10,22,28,0,6,2
6953,7645,6,2,3,9,-8,2,-6,1
6954,7646,16,1,2,18,24,2,-3,-1
6954,7646,27,9,0,30,26,-2,4,1
6975,7667,21,10,0,22,26,-1,4,1
6975,7667,0,3,2,-2,2,-1,-6,0
6977,7669,16,1,-3,17,25,1,-5,-2
6977,7669,32,8,-3,27,27,-2,5,-1
6989,7681,21,6,1,22,26,0,2,-1
6989,7681,-1,3,1,-3,-13,1,-5,-2
7015,7708,15,1,9,18,23,2,-4,-5
7015,7708,28,10,-2,32,30,-3,3,0
7016,7708,21,9,-7,22,27,-3,4,2
7016,7708,6,3,4,6,-9,1,-4,2
7019,7711,15,2,2,17,22,-1,-1,-2
7019,7711,24,8,2,30,28,1,4,1
7035,7728,20,10,-4,21,28,0,4,1
7035,7728,1,1,-3,2,-3,1,-7,1
7037,7729,16,2,-4,18,22,2,-3,-1
7037,7729,31,11,1,33,31,0,5,0
7049,7742,20,11,-1,22,26,-2,4,1
7049,7742,-4,0,-3,-2,4,0,-6,-2
7058,7750,16,3,6,18,24,0,-4,-1
7058,7750,26,6,2,28,33,-1,3,1
7072,7765,19,7,-5,21,25,-2,2,-2
7072,7765,-3,0,-10,-4,9,1,-4,-1
7073,7765,15,1,0,17,24,-1,-3,-2
7073,7765,26,9,2,29,29,-3,7,-1
7094,7787,20,11,5,20,25,-2,3,3
7095,7787,0,1,1,2,5,-3,-6,-3
7095,7788,16,1,0,18,23,-1,-4,-1
7095,7788,25,11,4,26,31,1,4,0
7117,7810,19,9,-1,20,27,-1,4,0
7117,7810,-9,-1,-3,-4,7,2,-9,3
7118,7810,15,3,0,17,22,0,-3,-4
7118,7810,31,9,0,27,27,-4,4,-1
7132,7824,19,10,-2,20,27,0,5,2
7132,7824,1,-3,-1,4,2,1,-8,-1
7133,7825,15,1,-3,17,22,-1,-5,-4
7133,7825,24,8,-1,26,28,1,2,-2
7154,7846,19,8,1,21,27,0,6,0
7155,7846,-2,-4,-2,3,7,1,-5,-4
7162,7854,15,2,4,18,23,-3,-2,-3
7162,7854,28,11,-2,30,29,0,3,1
7177,7869,18,8,-3,20,25,-2,5,5
7177,7869,1,-4,0,6,4,3,-6,-2
7178,7870,16,1,2,18,21,1,-3,-2
7178,7870,23,9,-7,27,26,2,5,1
7192,7885,18,6,3,21,26,-1,4,2
7192,7885,-2,-3,2,-2,21,0,-8,-3
7193,7885,16,0,-3,19,31,-1,-2,-1
7193,7885,28,10,0,27,28,0,4,1
7215,7907,18,8,-5,20,24,-3,4,-1
7215,7907,0,-4,2,-2,11,2,-6,-2
7215,7907,15,3,0,18,30,1,-2,-1
7215,7907,25,7,-1,25,28,-3,4,0
7237,7930,19,9,3,21,28,0,4,1
7237,7930,0,-8,-6,1,10,1,-7,0
7238,7931,16,2,1,19,34,0,0,-5
7238,7931,27,8,2,30,30,-3,3,2
7254,7946,19,7,1,21,29,0,5,1
7254,7946,-1,-8,-3,-3,16,3,-8,0
7254,7947,16,2,-1,17,36,-1,0,-3
7254,7947,25,7,1,24,29,0,5,1
7275,7967,19,8,5,21,29,-2,5,4
7275,7967,-1,-4,-1,-3,12,0,-9,2
7275,7968,17,1,1,18,35,0,0,-1
7275,7968,28,8,-7,29,32,-1,2,-3
7297,7989,19,8,7,22,30,-1,8,-1
7297,7989,-2,-4,-2,-5,7,0,-11,-1
7298,7990,16,1,-13,18,32,-2,1,-3
7298,7990,26,15,7,26,25,1,4,3
7314,8005,19,3,-12,21,31,0,5,-1
7314,8005,-6,-5,8,-4,4,1,-4,-2
7314,8007,16,3,2,18,29,-1,0,-3
7314,8007,24,9,-2,29,28,-4,4,2
7335,8027,20,8,2,21,32,-6,7,0
7335,8027,-7,-7,1,-8,7,0,-9,-1
7343,8035,16,1,-4,18,27,-1,1,0
7343,8035,25,10,2,29,25,0,7,0
7357,8049,19,8,0,21,31,0,5,0
7357,8049,-10,-9,-4,-10,12,-2,-9,-1
7365,8057,15,2,2,16,28,0,1,-2
7365,8057,27,7,-6,29,28,-3,3,1
7372,8064,20,9,-2,22,27,-1,6,0
7372,8064,-10,-7,-1,-4,14,2,-9,-3
7373,8065,15,1,-3,17,29,3,0,0
7373,8065,25,9,3,26,23,2,2,3
7403,8096,19,10,-1,21,30,-1,8,1
7403,8096,-8,-8,-1,-6,16,1,-6,-5
7403,8096,15,1,6,17,30,-1,2,1
7404,8096,28,9,-2,29,28,-4,5,-1
7433,8125,19,10,-5,21,28,-1,6,3
7433,8125,-8,-5,-4,0,18,2,-8,-1
7433,8126,15,2,9,17,26,-1,0,-2
7433,8126,27,10,-4,22,26,-1,5,1
7442,8134,19,8,-3,20,30,-4,6,2
7442,8134,-10,-9,-1,-3,21,0,-9,-1
7443,8135,14,2,4,20,27,1,1,-4
7443,8135,27,10,6,27,26,0,4,1
7455,8147,19,9,-1,22,28,0,7,-2
7455,8147,-3,-9,-2,5,19,0,-10,-2
7455,8148,15,2,-1,18,24,-4,0,-2
7455,8148,23,4,-2,24,25,-3,5,-1
7477,8170,18,8,-2,20,29,0,7,2
7477,8170,-3,-9,0,2,22,1,-10,0
7478,8170,15,2,-1,21,25,-2,0,-1
7478,8170,28,11,1,24,26,-2,7,-1
7492,8185,19,8,-1,22,28,-1,4,3
7492,8185,1,-11,5,6,22,3,-10,0
7493,8186,18,2,1,22,23,1,1,-3
7493,8186,25,9,-8,24,24,-1,6,-2
7515,8207,19,10,3,21,29,1,6,-2
7515,8207,2,-11,-2,1,22,2,-10,-4
7515,8208,19,1,3,20,36,-1,1,0
7515,8208,26,7,1,24,25,0,3,2
7539,8231,20,10,1,23,28,-4,9,1
7539,8231,3,-13,-3,7,23,3,-7,-2
7539,8232,19,1,4,23,41,1,0,-1
7539,8232,25,10,-1,25,24,-1,2,1
7561,8254,20,8,0,23,29,-2,7,5
7561,8254,4,-10,1,6,22,0,-8,-3
7562,8254,20,1,-2,22,50,-1,3,-3
7562,8254,24,9,4,26,25,0,3,1
7575,8267,20,7,0,24,31,0,4,2
7575,8267,5,-12,-3,10,26,2,-9,0
7575,8268,21,1,-9,22,51,-5,3,-2
7575,8268,23,11,-1,23,27,2,6,0
7597,8289,20,7,-4,22,26,0,7,-2
7597,8289,4,-10,1,8,25,1,-6,-2
7598,8290,20,2,2,22,51,1,4,0
7598,8290,22,4,-3,24,26,-3,3,1
7628,8321,21,6,-2,23,32,-3,6,1
7628,8321,6,-12,-1,7,24,-1,-7,0
7629,8321,20,0,4,22,50,-1,3,-3
7629,8321,24,13,-3,24,29,-2,3,2
7634,8327,23,8,0,25,27,-2,9,0
7635,8327,7,-8,0,7,25,3,-9,0
7642,8335,19,4,-2,18,49,-3,7,-2
7642,8335,23,7,7,24,26,-1,4,0
7657,8350,23,8,4,26,31,2,7,1
7657,8350,9,-14,-6,9,27,1,-10,-4
7658,8350,19,3,5,19,42,-1,4,2
7658,8350,22,9,-5,24,25,0,4,2
7680,8372,21,5,-3,24,30,-4,9,-1
7680,8372,6,-9,5,7,26,1,-10,-4
7681,8374,20,2,-2,20,44,-5,4,-1
7681,8374,22,10,0,22,29,-2,4,2
7710,8403,23,7,0,25,29,-2,7,3
7710,8403,7,-14,-3,9,24,3,-9,-4
7711,8403,18,3,2,20,42,2,4,-1
7711,8403,20,10,0,23,25,0,5,0
7717,8409,22,7,-1,23,30,-1,6,4
7717,8409,8,-9,-1,9,25,0,-8,-4
7718,8410,17,2,-5,20,34,-2,7,0
7718,8410,23,9,4,22,28,-2,5,-2
7731,8424,23,7,-1,24,24,2,6,0
7732,8424,6,-12,-3,11,26,4,-9,-1
7740,8431,16,4,5,19,39,-2,6,0
7740,8431,21,9,-4,21,23,-4,2,0
7755,8447,22,8,1,24,26,-1,5,1
7755,8447,6,-13,0,12,26,-1,-12,-1
7755,8448,18,3,2,17,33,-3,4,0
7756,8448,21,13,3,21,24,0,5,0
7777,8469,22,10,-4,23,25,-1,8,3
7777,8469,6,-14,-2,14,25,0,-8,-2
7778,8470,17,3,1,29,49,-2,5,-1
7778,8470,20,8,4,21,26,-1,5,-1
7792,8484,22,7,-5,24,26,-1,6,0
7792,8484,8,-12,-3,15,26,2,-10,-2
7807,8500,16,2,1,23,41,-1,3,2
7807,8500,22,10,-2,20,27,-5,6,3
7815,8507,21,8,3,23,26,-2,7,0
7815,8507,9,-15,-6,16,23,4,-8,-2
7816,8508,19,3,1,24,39,-3,4,-4
7816,8508,21,8,-2,20,25,1,2,-1
7838,8530,21,8,4,22,24,-1,8,1
7838,8530,12,-13,5,16,26,2,-9,0
7845,8537,22,3,2,31,39,-3,4,1
7845,8537,20,9,-2,21,28,2,6,-2
7868,8560,21,6,-5,25,24,-2,5,1
7868,8560,13,-11,5,18,26,0,-7,-5
7869,8561,24,3,-2,29,36,2,4,-3
7869,8561,20,11,0,20,23,-2,3,1
7875,8567,21,8,0,23,25,-2,4,4
7875,8567,14,-11,-7,18,25,0,-13,0
7875,8567,25,1,3,32,41,-1,10,2
7875,8567,20,10,2,20,27,-3,3,2
7897,8590,21,7,-6,24,26,2,6,2
7897,8590,15,-10,3,19,25,-3,-8,0
7905,8597,28,3,1,32,48,-3,6,-2
7905,8597,19,9,0,21,29,1,4,-1
7920,8613,21,7,-1,23,24,-1,6,-1
7920,8613,16,-10,2,19,22,2,-11,-3
7921,8613,29,3,-5,33,56,-2,4,-2
7921,8613,19,8,1,21,28,-1,8,3
7943,8635,22,6,-3,23,22,-2,5,0
7943,8635,16,-8,0,20,24,1,-7,-5
7944,8636,27,3,-2,27,53,0,3,1
7944,8636,19,9,-1,20,31,-1,2,0
7957,8650,22,5,3,24,26,-1,4,1
7957,8650,17,-10,2,19,25,0,-10,-2
7958,8650,28,3,-3,32,50,-1,9,-1
7958,8650,19,9,-3,21,29,-1,4,-2
7971,8664,21,6,2,23,19,0,6,0
7971,8664,18,-10,-3,19,23,2,-9,-1
7980,8672,31,9,2,28,46,-2,4,0
7980,8672,20,6,-1,21,31,0,4,2
7995,8687,22,6,0,23,21,0,3,2
7995,8687,18,-11,-2,20,24,2,-6,-2
7995,8687,28,5,0,31,43,0,5,-2
7995,8687,19,8,-3,20,29,1,4,-1
8017,8710,22,6,2,22,22,-4,4,1
8017,8710,18,-8,-1,19,23,2,-9,-1
8018,8710,28,6,-3,32,44,-3,4,2
8018,8710,19,9,1,20,31,-1,4,4
8032,8724,21,5,-3,22,19,-1,3,3
8032,8724,18,-13,2,20,23,2,-9,-3
8040,8732,28,7,6,27,46,-1,7,-1
8040,8732,20,10,3,20,29,-3,2,-1
8055,8747,21,6,-7,22,17,-4,4,0
8055,8747,17,-12,-4,18,23,1,-11,-1
8055,8747,25,5,4,29,35,1,2,-2
8055,8747,18,7,2,19,29,0,4,1
8086,8779,21,6,0,21,19,0,5,2
8086,8779,17,-6,-2,19,23,-1,-8,-2
8087,8779,26,4,-3,29,31,-1,6,-1
8087,8779,19,9,-2,20,29,0,3,1
8100,8793,20,6,1,21,12,3,3,2
8100,8793,17,-10,-1,18,21,1,-10,-2
8101,8794,29,7,-2,28,30,2,7,-1
8101,8794,18,6,-1,19,26,1,6,1
8115,8807,21,7,-1,20,23,-2,4,1
8115,8807,16,-9,-4,19,22,0,-7,-1
8115,8808,27,9,4,33,41,-3,5,1
8115,8808,18,10,-1,20,30,2,3,-2
8137,8829,20,6,4,20,19,-2,2,-1
8137,8829,17,-9,-4,18,22,0,-8,-5
8138,8830,25,6,1,35,36,-2,7,0
8138,8830,18,10,-5,21,26,-4,3,3
8160,8853,18,6,2,20,19,1,4,2
8160,8853,16,-9,2,18,21,1,-10,-3
8161,8853,24,6,2,36,36,-3,3,-1
8161,8853,17,9,2,20,29,-3,0,1
8174,8866,18,5,-4,20,21,-5,2,1
8174,8866,17,-9,0,19,22,2,-8,-2
8182,8875,29,6,1,32,34,0,8,1
8182,8875,18,8,0,21,29,-3,4,0
8205,8896,17,5,2,19,23,0,2,-1
8205,8896,16,-9,-4,18,22,4,-8,-1
8213,8905,31,7,-3,34,38,1,4,3
8213,8905,18,8,-1,21,28,2,5,0
8220,8912,19,6,-5,19,18,-2,1,2
8220,8912,17,-7,2,19,23,2,-8,-5
8221,8913,31,6,2,36,37,-5,6,2
8221,8913,19,11,-1,21,29,-1,5,-1
8235,8926,18,5,-2,20,19,1,2,0
8235,8926,17,-8,-1,19,21,2,-9,-1
8235,8928,35,6,1,35,37,-2,5,0
8235,8928,19,7,0,22,30,0,3,1
8259,8950,16,5,-3,17,16,1,-1,0
8259,8950,17,-6,1,18,22,-1,-6,-2
8259,8951,33,9,-3,32,39,-1,6,-1
8259,8951,19,9,2,22,31,0,7,0
8279,8971,19,5,-3,17,18,2,0,1
8279,8971,17,-4,1,18,20,0,-7,-5
8287,8980,32,8,-1,35,34,-2,5,1
8287,8980,21,10,1,23,31,-3,2,1
8295,8986,16,5,-3,14,14,-1,-1,1
8295,8986,17,-4,4,18,23,1,-9,-5
8295,8988,34,1,-3,36,33,-1,3,-1
8295,8988,19,5,-5,21,32,-1,4,4
8317,9009,14,5,4,15,19,1,1,1
8317,9009,17,-6,-4,17,22,4,-10,-1
8318,9010,32,11,2,33,35,-1,4,0
8318,9010,20,9,1,23,29,-1,5,3
8340,9033,15,6,1,16,13,1,-4,0
8340,9033,17,-3,-1,17,25,1,-9,-3
8341,9033,31,8,-5,34,36,-2,4,1
8341,9033,21,10,1,22,32,0,4,-2
8355,9047,14,6,-5,15,-30,1,-3,0
8355,9047,16,-5,-1,17,23,-1,-9,-5
8355,9047,33,8,4,36,34,-2,6,-2
8355,9047,21,8,-1,22,28,-2,2,0
8377,9069,13,6,-3,13,5,0,-1,0
8377,9069,17,-2,-1,18,22,2,-9,-3
8378,9071,30,9,-4,30,36,1,4,1
8378,9071,21,7,0,22,31,-2,4,0
8402,9094,10,4,1,11,21,-1,0,0
8402,9094,16,-3,5,16,24,2,-8,-1
8403,9095,31,10,-1,32,34,-1,7,0
8403,9095,20,13,0,22,29,-2,3,2
8414,9107,10,4,-1,11,31,-1,-1,2
8414,9107,16,-2,2,16,25,0,-6,-2
8430,9122,30,9,0,31,38,-3,5,0
8430,9122,21,7,-8,22,29,0,6,-1
8438,9130,11,4,2,12,21,2,-2,-2
8438,9130,15,-3,1,15,27,1,-5,-2
8445,9137,31,10,0,32,28,-1,2,0
8445,9137,20,7,-6,22,28,-1,5,-1
8460,9152,11,5,-5,12,4,1,-5,1
8460,9152,15,-3,4,16,27,3,-7,-4
8461,9154,26,9,0,30,27,-2,6,1
8461,9154,20,7,-3,22,27,1,3,-1
8484,9176,11,5,-4,12,-13,1,-3,1
8484,9176,14,-4,1,15,25,1,-7,-3
8484,9177,31,8,3,30,22,0,4,3
8484,9177,20,9,0,22,27,-2,4,1
8497,9189,12,3,-5,13,7,3,-4,1
8497,9189,15,-2,-1,17,22,1,-3,-2
8498,9190,30,10,1,31,34,1,5,1
8498,9190,20,8,-1,23,28,-1,1,0
8520,9212,10,2,-3,12,23,0,-6,1
8520,9212,15,-3,-4,16,25,1,-6,-3
8521,9213,25,10,4,32,35,-1,4,0
8521,9213,19,9,3,22,28,1,1,-1
8535,9227,8,4,-5,12,11,-3,-5,1
8535,9227,14,-2,3,16,26,1,-7,-1
8535,9228,28,10,3,30,25,-2,5,0
8535,9228,20,9,0,23,25,-1,5,0
8557,9249,10,3,-5,10,5,0,-1,0
8557,9249,14,-3,1,17,27,0,-7,-3
8558,9250,33,7,1,35,34,1,7,-1
8558,9250,21,9,2,23,28,-1,2,0
8580,9272,12,3,-5,12,11,1,-6,1
8580,9272,14,-2,-1,16,23,2,-7,-1
8581,9273,32,8,1,33,23,-5,4,2
8581,9273,21,11,1,23,29,-1,0,3
8595,9287,13,3,0,10,15,0,-3,-1
8595,9287,15,0,0,18,25,4,-7,-4
8595,9288,32,10,3,33,33,0,2,-1
8595,9288,22,9,-3,23,31,-2,4,0
8617,9309,12,3,9,8,4,0,-5,-2
8617,9309,16,1,-2,18,25,1,-4,-6
8618,9309,31,7,0,33,36,-1,5,-1
8618,9309,21,6,-4,23,28,-1,4,2
8639,9332,6,4,0,4,7,1,-5,0
8639,9332,16,0,1,18,27,1,-5,-4
8647,9340,29,9,-8,29,32,-1,2,-1
8647,9340,22,10,4,23,28,-1,2,0
8654,9346,2,2,2,2,11,0,-5,-2
8654,9346,17,1,-8,18,28,-3,-3,0
8679,9371,28,7,2,30,26,1,3,2
8679,9371,21,9,4,23,30,-1,4,1
8680,9373,3,3,-1,1,-12,4,-8,1
8680,9373,16,1,1,17,26,-4,-4,-3
8681,9373,27,10,-2,31,29,0,6,1
8681,9373,21,9,-3,22,29,1,6,-1
8708,9400,3,3,3,2,-9,2,0,-2
8708,9400,17,2,-2,18,24,-1,-4,-1
8709,9401,28,6,1,27,30,-2,3,1
8709,9401,21,9,-3,22,30,2,5,3
8714,9406,-1,2,1,-6,-9,0,-8,0
8714,9406,16,1,3,17,23,2,-3,-2
8722,9414,27,9,0,28,33,-2,4,-3
8722,9414,20,7,0,21,28,-4,0,-1
8737,9430,1,1,-7,1,-1,1,-5,-1
8737,9430,16,2,6,18,24,1,-2,-3
8738,9430,26,6,-2,26,32,-6,4,0
8738,9430,20,11,-4,21,28,1,6,2
8761,9453,0,0,0,-1,8,1,-6,0
8761,9453,16,2,4,17,25,1,-3,-4
8762,9454,27,7,-7,29,29,1,5,1
8762,9454,19,8,-1,20,27,-1,6,2
8774,9466,-3,0,-1,2,-1,0,-5,-1
8774,9466,16,3,-2,17,24,4,-2,-1
8790,9482,27,9,4,26,30,-1,2,0
8790,9482,19,8,-4,20,29,1,6,2
8797,9490,-4,0,6,0,4,1,-7,-1
8797,9490,15,1,0,17,24,-1,-3,-2
8798,9491,24,8,-3,24,28,-1,1,0
8798,9491,20,7,-1,20,28,0,4,-2
8828,9520,-2,-3,3,3,10,1,-7,-2
8828,9520,16,1,-1,17,23,0,-4,-3
8829,9521,24,9,1,27,30,-2,1,-3
8829,9521,19,8,3,20,27,-1,2,1
8834,9527,-1,-3,-5,2,14,-1,-5,0
8834,9527,15,2,3,18,26,-2,-2,1
8842,9534,27,10,5,30,28,-1,6,1
8842,9534,18,10,2,20,26,1,4,0
8857,9550,2,-1,-6,5,4,-2,-7,0
8857,9550,16,2,3,18,25,-1,-2,-4
8858,9551,27,10,0,28,29,-2,2,2
8858,9551,19,9,-2,21,27,-1,3,2
8880,9573,0,-3,-2,0,7,2,-8,1
8880,9573,16,2,-2,18,23,-1,-1,0
8881,9574,26,9,2,27,26,2,4,0
8881,9574,18,7,-3,21,27,-2,5,1
8894,9586,1,-2,2,1,18,1,-6,0
8894,9586,15,1,4,19,30,-1,-2,-2
8902,9595,27,8,3,28,26,0,4,0
8902,9595,19,10,-8,21,27,-6,6,-1
8925,9618,-2,-5,7,4,11,5,-7,-3
8925,9618,17,1,4,19,33,1,-2,-2
8926,9618,29,7,-4,28,30,-4,5,1
8926,9618,19,6,-2,21,30,0,4,0
8956,9649,4,-3,-1,1,13,1,-8,0
8956,9649,16,2,0,19,34,-1,-1,-1
8957,9649,25,7,2,28,28,1,1,2
8957,9649,19,6,2,22,28,0,5,1
8958,9651,1,-5,0,-3,9,1,-5,-2
8958,9651,17,2,2,18,35,3,-1,-3
8962,9655,26,9,-4,22,30,-1,5,1
8962,9655,19,7,3,21,30,0,3,1
8985,9678,1,-6,-7,-1,20,-2,-7,-1
8985,9678,17,2,2,19,34,-3,0,-3
8986,9678,23,9,-4,24,29,-1,4,1
8986,9678,19,6,6,21,29,-4,5,3
9000,9692,0,-3,-8,-3,8,1,-8,-2
9000,9692,17,1,-2,18,33,-2,0,-1
9001,9693,25,9,2,31,29,0,5,2
9001,9693,19,11,7,21,32,-1,6,2
9023,9714,-2,-8,-2,-6,14,-1,-6,-1
9023,9714,17,2,-7,18,33,-1,0,-2
9023,9715,28,9,4,28,27,0,5,-2
9023,9715,20,6,1,22,31,-2,5,2
9039,9730,-2,-6,1,-7,7,5,-6,0
9039,9730,16,2,1,18,29,-2,0,-3
9039,9732,26,12,0,29,27,-2,3,-1
9040,9732,20,7,-6,22,30,-2,5,0
9075,9767,-2,-6,0,-4,11,-1,-7,-2
9075,9767,17,2,-4,17,28,0,1,-3
9076,9768,21,6,-1,26,26,-1,3,0
9076,9768,19,12,-5,20,32,-1,8,0
9099,9791,-11,-7,4,-4,14,2,-10,-1
9099,9791,16,2,0,18,30,0,2,-1
9100,9792,31,8,-3,28,26,-2,4,-1
9100,9792,21,8,-3,21,28,-2,6,1
9101,9793,-2,-8,-2,-5,17,3,-4,-2
9101,9793,15,2,3,17,28,2,1,-1
9105,9797,25,10,4,26,26,-1,5,-1
9105,9797,19,7,-3,20,31,0,5,1
9120,9812,-9,-9,-4,-2,17,0,-8,-2
9120,9812,16,2,-5,17,28,1,0,0
9121,9813,28,11,2,28,26,-4,5,0
9121,9813,20,7,2,21,29,-1,5,-1
9143,9835,-8,-8,0,0,20,1,-6,-1
9143,9835,16,1,-3,16,25,-2,0,-1
9144,9836,23,11,2,24,26,0,4,4
9144,9836,19,10,1,21,30,-2,5,2
9157,9849,-8,-5,1,0,21,3,-7,-1
9157,9849,15,2,2,19,29,-2,2,-6
9158,9850,26,9,-3,25,26,0,7,0
9158,9850,20,11,-1,21,30,0,6,0
9180,9873,-4,-8,-2,4,22,0,-10,-4
9180,9873,15,2,-2,21,24,0,0,0
9181,9874,25,6,-2,26,25,1,3,0
9181,9874,19,7,1,21,30,3,8,0
9203,9895,-4,-12,-3,4,22,-1,-7,-1
9203,9895,17,3,5,21,26,1,0,-2
9204,9896,27,10,-1,25,24,-3,3,2
9204,9896,20,9,-3,22,27,-4,5,3
9225,9917,0,-10,-2,4,23,0,-11,-1
9225,9917,18,1,0,21,23,-1,7,-2
9232,9924,25,6,1,23,23,-1,4,1
9232,9924,20,10,-2,22,27,-4,4,-2
9240,9933,2,-8,-2,8,22,3,-9,-3
9240,9933,18,1,2,22,36,-1,2,-5
9241,9933,25,9,-1,26,23,-1,5,1
9241,9933,19,7,-2,22,29,-2,6,2
9263,9955,5,-9,4,7,24,0,-10,0
9263,9955,20,2,-9,23,36,0,3,1
9264,9955,23,10,-2,23,25,-3,4,1
9264,9955,19,7,0,23,29,-2,3,2
9285,9977,1,-12,-4,7,23,3,-9,-3
9285,9977,20,1,8,24,43,-1,3,-2
9291,9983,24,7,-3,24,25,-3,3,-2
9291,9983,20,7,0,23,28,-1,7,0
9300,9993,6,-10,-1,8,25,3,-10,0
9300,9993,20,1,1,20,47,-7,4,0
9302,9994,21,9,0,24,26,0,3,-2
9302,9994,21,6,-1,24,29,-4,8,1
9323,10015,6,-8,1,6,24,-1,-8,-1
9323,10015,20,1,-4,21,52,1,4,-1
9324,10016,23,12,-3,24,28,-3,3,2
9324,10016,21,7,3,25,30,0,9,0
9337,10028,6,-12,0,10,25,0,-7,0
9337,10028,19,2,7,22,41,-4,2,0
9345,10038,22,10,3,25,25,-1,6,2
9345,10038,22,8,-13,24,29,-5,9,-2
9360,10053,6,-13,-1,10,23,2,-9,-1
9361,10053,20,3,1,20,49,0,4,0
9362,10054,23,9,7,24,26,2,2,0
9362,10054,22,7,4,25,30,-4,7,5
9383,10075,8,-12,-4,9,26,2,-8,-3
9383,10075,18,3,1,20,45,-5,4,-3
9397,10090,24,7,-3,22,25,0,1,-2
9397,10090,22,6,-1,24,29,2,9,2
9398,10091,5,-12,-3,7,23,2,-11,-3
9398,10091,19,3,-1,20,49,0,3,-2
9413,10105,23,7,2,24,26,-3,5,0
9413,10105,23,6,4,25,29,0,10,0
9420,10112,8,-12,-6,9,25,-1,-9,-2
9420,10112,17,3,0,19,38,-1,5,0
9422,10114,20,9,-1,23,26,-3,3,-1
9422,10114,22,7,-2,24,27,0,9,3
9450,10143,5,-7,10,9,24,4,-8,-3
9450,10143,18,3,-6,19,45,-1,6,0
9452,10144,23,7,-6,23,26,-1,4,0
9452,10144,23,8,-3,25,26,-2,5,2
9457,10149,7,-10,0,12,25,-3,-10,-2
9457,10149,17,3,4,19,37,1,4,-1
9482,10175,21,9,1,22,25,0,4,1
9483,10175,22,7,0,23,26,0,9,1
9483,10176,5,-13,0,12,25,3,-9,1
9483,10176,18,3,0,20,43,-4,4,1
9487,10179,20,8,-4,21,25,-4,5,1
9487,10179,23,8,3,23,25,-2,5,1
9510,10203,7,-13,-4,14,27,2,-9,-4
9510,10203,17,2,7,23,35,3,5,-2
9512,10204,20,9,-6,21,25,-1,6,0
9512,10204,22,7,-5,22,26,-3,8,1
9517,10209,9,-12,-1,16,24,0,-10,-6
9517,10209,16,3,5,28,40,0,4,-2
9542,10234,22,9,-3,20,25,-1,4,2
9542,10234,21,8,-4,24,24,0,7,1
9543,10235,10,-14,0,16,26,2,-10,1
9543,10235,21,1,-6,25,33,-1,5,-2
9546,10239,19,8,11,20,26,2,3,-1
9546,10239,21,7,5,24,24,-2,5,4
9570,10263,13,-11,-5,16,25,2,-10,-4
9570,10263,22,4,-4,32,37,0,3,0
9572,10264,20,11,0,21,24,-1,5,3
9572,10264,20,7,5,23,25,2,2,2
9586,10278,14,-12,-3,18,26,0,-9,-2
9586,10278,24,3,1,30,43,-3,5,-1
9601,10293,20,11,-1,20,27,1,5,1
9601,10293,21,6,-3,23,26,-1,5,1
9602,10294,15,-12,-7,18,24,-1,-7,0
9602,10294,25,2,2,31,39,-2,4,1
9603,10295,20,8,-4,21,26,-2,1,0
9603,10295,22,7,3,23,25,-2,4,-2
9623,10315,15,-11,-6,19,23,2,-7,-4
9623,10315,24,2,-2,30,43,-1,4,0
9624,10317,19,7,2,21,27,1,7,-2
9624,10317,21,6,-8,24,23,-2,6,3
9653,10345,16,-11,3,19,24,1,-10,-2
9653,10345,26,2,-1,30,44,-2,5,0
9654,10347,19,11,5,21,27,-2,3,0
9654,10347,22,6,5,24,26,-1,2,1
9660,10352,17,-11,3,20,23,-1,-8,-1
9660,10352,28,2,-2,34,52,-4,5,1
9662,10355,19,6,-6,21,30,0,2,2
9662,10355,21,6,-2,23,22,-2,5,3
9683,10375,17,-11,1,20,23,1,-12,-2
9683,10375,29,6,2,27,50,-4,6,0
9684,10377,20,8,0,21,27,2,8,-1
9684,10377,21,6,-3,24,24,-4,5,-2
9696,10389,17,-9,1,18,24,-1,-7,-2
9697,10389,30,4,-3,29,43,-1,6,0
9705,10397,19,10,-2,21,31,-3,2,0
9705,10397,22,5,-2,22,20,0,5,4
9720,10412,18,-11,2,19,25,0,-11,-3
9720,10412,27,5,4,31,38,-3,3,0
9722,10414,19,8,1,20,27,-2,5,2
9722,10414,22,5,2,23,14,-1,3,1
9750,10443,17,-10,-3,19,22,3,-9,-4
9750,10443,29,6,-1,30,43,-3,8,2
9752,10444,20,9,-2,20,30,-3,2,1
9752,10444,21,6,-3,22,19,-2,6,-1
9757,10448,17,-9,3,19,22,4,-8,0
9757,10448,27,5,0,29,39,-1,6,-1
9765,10458,19,8,3,20,30,-1,3,3
9766,10458,22,6,-5,22,19,-2,4,1
9788,10481,18,-11,-4,19,21,0,-6,-1
9788,10481,27,7,2,30,45,0,7,0
9789,10482,19,9,1,20,28,-2,5,-1
9790,10482,21,6,-1,21,21,-2,1,-2
9803,10495,17,-9,2,19,22,1,-10,-5
9803,10495,25,6,6,31,40,-3,5,1
9809,10501,18,7,2,20,29,-2,2,2
9809,10501,21,5,-1,21,17,0,5,2
9817,10508,17,-8,-3,19,22,-1,-8,-3
9817,10508,25,6,2,29,29,-2,5,0
9833,10526,19,9,-2,20,27,1,2,1
9833,10526,19,5,3,20,22,0,3,3
9840,10532,17,-11,-6,19,21,1,-8,-3
9840,10532,27,6,2,33,42,-1,7,1
9842,10534,18,9,-1,20,29,-2,9,1
9842,10534,20,6,-3,20,17,-1,2,0
9863,10555,17,-11,1,18,22,-1,-8,-2
9863,10555,27,7,0,30,29,-4,4,-2
9864,10557,18,7,-2,20,27,-2,4,1
9864,10557,19,6,-2,20,15,-1,3,0
9876,10569,16,-11,1,18,21,2,-12,-3
9877,10569,28,6,0,35,38,-1,5,1
9901,10593,18,8,-2,21,28,-6,4,2
9901,10593,18,6,-2,20,17,2,2,1
9902,10594,17,-10,3,18,22,1,-7,-1
9902,10594,28,5,-1,35,36,-2,3,1
9906,10599,18,10,-3,21,29,0,5,-1
9906,10599,18,5,0,20,22,-1,1,0
9923,10615,16,-10,5,19,21,0,-9,-4
9924,10615,30,8,0,31,34,-1,3,-1
9925,10617,18,9,0,20,28,0,-1,0
9925,10617,18,6,-6,18,16,-2,2,1
9937,10628,17,-7,3,18,21,2,-10,-2
9937,10628,29,8,0,35,27,-2,6,-1
9953,10646,19,10,-3,22,27,-3,3,0
9953,10646,18,6,-1,18,11,0,1,3
9968,10660,16,-7,-1,19,22,2,-10,-5
9968,10660,30,6,4,38,29,-1,8,0
9970,10661,19,8,-3,21,27,2,5,1
9970,10661,16,5,2,17,17,-1,0,-1
9983,10675,16,-5,-6,17,20,2,-9,-3
9983,10675,33,7,0,33,31,-1,5,1
9984,10677,19,8,2,22,30,0,4,0
9985,10677,18,5,-2,19,11,-1,0,1
10005,10698,17,-4,-1,18,18,2,-12,-3
10005,10698,31,4,-1,36,34,-4,6,0
10007,10699,20,12,-2,23,28,1,5,0
10007,10699,16,5,-1,18,2,2,-2,1
10028,10721,16,-3,2,18,21,0,-8,-3
10028,10721,32,12,3,36,40,-4,3,0
10029,10722,20,8,-3,22,30,1,4,2
10029,10722,14,6,3,15,21,2,-1,-1
10043,10735,16,-5,-2,18,22,1,-7,-2
10043,10735,32,5,2,34,35,0,3,2
10044,10737,20,9,-1,22,27,0,4,-1
10044,10737,15,6,-10,16,2,2,-1,3
10065,10758,17,-4,-8,18,22,1,-7,-2
10065,10758,30,9,-2,34,36,-2,6,2
10067,10759,20,8,5,24,30,-2,4,0
10067,10759,13,4,1,14,2,-2,-2,-2
10095,10787,16,-3,0,17,22,2,-8,-4
10095,10787,33,8,-3,33,27,2,6,-2
10097,10789,20,9,5,22,27,0,2,-1
10097,10789,12,5,-1,13,7,-3,-4,0
10109,10801,16,-2,3,17,22,-4,-8,-2
10109,10801,31,8,0,29,33,4,7,1
10118,10810,21,7,-9,23,28,0,4,3
10118,10810,9,4,0,9,13,3,-3,0
10125,10817,15,-3,3,17,24,2,-7,-5
10125,10817,32,8,0,32,35,-3,5,-2
10127,10819,19,10,8,21,27,2,6,-1
10127,10819,14,5,-1,14,2,-1,-3,-1
10155,10848,15,-2,-1,16,21,0,-6,-1
10155,10848,29,9,0,34,22,1,6,1
10157,10850,22,8,-5,23,26,-1,3,2
10157,10850,11,5,-4,12,8,1,-1,1
10178,10870,15,-3,0,16,24,-1,-7,-2
10178,10870,29,9,-3,32,25,-2,2,1
10179,10871,18,8,3,22,27,-1,3,2
10179,10871,10,3,1,12,5,2,-4,0
10185,10877,15,-2,1,16,22,2,-5,-1
10185,10877,29,8,3,29,28,-3,6,-1
10216,10908,20,8,1,22,24,-3,3,-1
10216,10908,9,3,0,10,15,-1,-4,1
10217,10909,15,-3,-1,17,24,3,-7,-3
10217,10909,30,11,2,28,33,2,6,0
10218,10911,19,8,-6,21,26,0,4,0
10218,10911,12,4,-7,12,7,-2,-2,-1
10222,10914,14,-3,8,16,23,0,-5,-5
10222,10914,24,6,2,31,27,0,3,-1
10230,10922,20,8,-1,22,24,-4,4,0
10230,10922,8,4,-3,10,8,0,-3,2
10246,10938,14,-4,-1,16,24,0,-6,-2
10246,10938,29,8,-2,32,26,-3,0,-1
10247,10940,19,9,-3,22,25,-3,3,-1
10247,10940,11,3,0,15,5,1,-3,1
10259,10951,14,-2,1,16,24,0,-4,0
10259,10951,26,9,0,29,25,-1,2,4
10285,10977,20,8,-1,23,23,1,2,2
10285,10977,11,3,-4,14,19,-4,-3,0
10286,10978,14,-2,8,17,24,1,-5,-2
10286,10978,29,7,-2,29,37,-2,3,0
10289,10981,20,7,1,22,25,-1,4,1
10289,10981,12,4,-1,12,6,2,-3,-1
10305,10998,14,-2,-1,17,22,-1,-5,-3
10305,10998,27,7,-5,32,31,-2,5,0
10307,11000,21,7,4,22,26,-2,2,0
10307,11000,13,2,5,12,9,3,-7,2
10320,11012,14,-1,-2,18,24,2,-6,-2
10320,11012,28,10,0,28,28,1,3,-2
10334,11026,20,7,-7,23,26,-1,4,-1
10334,11026,8,2,0,10,0,-2,-4,-3
10343,11035,15,-1,-5,17,24,1,-4,-5
10343,11035,24,5,-1,28,24,0,4,0
10344,11037,20,10,4,23,24,2,2,1
10344,11037,9,2,-7,8,-2,0,-5,3
10373,11066,15,0,1,18,24,1,-4,-2
10373,11066,27,7,-2,29,30,-1,2,2
10375,11068,20,5,0,22,27,-1,2,3
10375,11068,6,3,-1,-1,10,1,-5,2
10380,11072,15,0,0,17,24,-2,-5,-2
10380,11072,28,7,1,30,27,0,4,-1
10387,11078,21,9,0,22,25,-3,5,-2
10387,11078,5,3,-2,5,0,1,-1,-1
10410,11101,15,0,-4,18,22,3,-5,-2
10410,11101,26,6,0,31,32,-5,5,-3
10427,11119,20,9,-2,23,27,-3,6,-3
10427,11119,2,3,-1,3,0,1,-4,-3
10428,11120,15,1,-3,17,24,1,-4,-2
10428,11120,27,10,1,28,28,-3,6,1
10440,11132,20,11,0,21,28,0,2,1
10440,11132,2,2,-2,-1,-11,-1,-6,0
10441,11132,16,2,-3,17,22,1,-4,-4
10441,11132,32,9,-2,28,31,-1,6,-1
10446,11139,20,11,0,21,26,0,5,1
10446,11139,4,2,0,2,-5,0,-5,-2
10463,11155,16,2,-3,18,22,-2,-3,1
10463,11155,27,7,2,25,26,-1,6,2
10464,11156,21,6,0,20,27,-2,5,0
10464,11156,-2,1,-4,-3,3,2,-6,-3
10484,11176,15,2,-1,17,24,0,-2,-3
10485,11176,32,11,1,30,31,-2,2,0
10493,11186,20,8,0,20,25,-1,4,-1
10493,11186,-2,0,5,0,-2,0,-3,1
10499,11191,16,2,-5,17,23,0,-3,-1
10499,11191,24,5,2,29,28,0,3,1
10508,11200,19,9,0,21,26,-1,3,1
10508,11200,-5,0,-2,-5,13,1,-6,-4
10523,11216,16,1,4,16,23,0,-3,-2
10523,11216,25,9,-5,29,26,-1,7,1
10524,11217,18,8,2,20,24,0,5,0
10524,11217,-5,-2,-4,-1,8,2,-5,-2
10561,11253,15,3,-2,17,23,0,-3,-3
10561,11253,26,8,1,26,27,1,2,1
10562,11255,19,8,0,19,26,-1,3,2
10562,11255,-2,0,0,1,4,3,-7,1
10568,11260,15,1,3,17,23,-1,-3,-2
10568,11260,29,6,-8,23,29,-1,2,1
10569,11261,19,12,0,19,26,-3,2,0
10569,11261,2,-4,-5,5,5,-1,-5,-4
10590,11282,15,3,1,18,21,-1,-2,-4
10590,11282,27,9,9,27,28,-2,6,0
10592,11284,18,8,-3,20,25,1,2,4
10592,11284,-1,-4,-1,1,17,3,-10,1
10613,11306,15,1,-3,17,24,0,-2,-1
10613,11306,26,11,6,30,28,-2,5,2
10620,11312,18,9,-1,20,24,0,3,-1
10620,11312,1,-3,-3,3,8,1,-5,0
10620,11313,16,1,-1,18,22,-2,-3,-3
10620,11313,23,3,-8,21,32,-1,1,0
10628,11320,18,8,0,20,26,0,5,1
10628,11320,2,0,-2,0,14,-1,-8,-1
10643,11336,16,1,5,18,34,2,-1,-1
10643,11336,29,13,3,26,28,-2,5,-1
10644,11337,18,6,-2,19,28,2,5,0
10644,11337,1,-4,-1,2,11,2,-6,-1
10666,11358,16,2,-1,18,28,0,-2,-5
10666,11358,24,11,-6,27,31,1,4,0
10671,11363,19,4,1,20,29,-1,6,3
10671,11363,2,-5,-2,2,6,2,-8,-2
10679,11371,17,1,-2,18,32,0,-1,0
10679,11371,27,8,4,27,31,-1,4,0
10694,11387,19,6,-6,21,28,-5,5,0
10694,11387,0,-3,2,1,13,1,-10,-1
10703,11395,17,2,8,18,37,1,0,-3
10703,11395,26,7,0,24,29,-1,3,-1
10704,11396,19,5,-8,21,32,-1,6,1
10704,11396,0,-5,0,-5,9,0,-5,-1
10725,11418,17,1,-1,18,31,2,1,-1
10726,11418,25,11,2,27,30,-3,0,-1
10727,11419,19,9,2,20,31,-3,6,0
10727,11419,-1,-6,0,0,11,-1,-6,2
10739,11432,17,2,-3,18,30,-1,1,-4
10739,11432,22,5,-1,26,27,-2,3,1
10754,11446,19,11,3,20,27,3,3,1
10754,11446,-1,-5,-6,0,8,-7,-7,-3
10763,11456,16,2,1,18,35,1,0,-3
10763,11456,27,8,2,26,28,2,5,-1
10764,11457,19,8,-2,20,32,-3,5,1
10765,11457,-9,-6,9,-8,13,-1,-7,1
10785,11478,16,1,-2,18,34,-3,0,-4
10785,11478,27,6,-9,23,27,-5,10,1
10787,11480,20,6,-3,20,33,6,8,0
10787,11480,-5,-6,1,-7,12,10,-9,-3
10808,11500,15,2,3,16,25,0,0,-1
10808,11500,26,10,7,32,31,1,2,-1
10809,11502,20,9,-8,21,32,-4,8,1
10809,11502,-6,-11,-4,-8,13,-1,-7,-2
10831,11523,16,2,11,16,29,3,0,-1
10831,11523,25,7,-3,28,29,-2,6,1
10832,11524,19,7,2,21,29,-3,5,0
10832,11524,-8,-8,-4,-5,19,3,-8,-2
10845,11537,16,2,-5,16,25,-2,0,-2
10845,11537,28,11,4,29,26,-1,1,2
10847,11539,19,8,0,20,28,-2,5,3
10847,11539,-7,-8,-4,-2,20,0,-9,-3
10859,11552,15,1,2,17,28,-1,2,0
10859,11552,23,11,3,26,24,1,4,1
10868,11560,19,7,0,19,30,-5,7,1
10868,11560,-10,-9,-1,-3,22,3,-9,-4
10883,11575,15,2,-4,17,26,-3,0,-3
10883,11575,24,7,-5,27,26,1,3,0
10884,11577,19,13,11,20,28,-3,5,1
10885,11577,-5,-8,-6,2,21,0,-5,1
10905,11598,15,2,2,17,26,-2,1,1
10905,11598,25,8,-4,24,25,0,2,0
10907,11599,18,7,-5,20,30,-2,7,-1
10907,11599,-3,-8,4,2,22,3,-8,-2
10928,11620,15,2,0,20,27,1,1,-1
10928,11620,25,9,-5,25,26,-1,4,-2
10929,11622,19,10,5,22,28,0,9,0
10929,11622,0,-8,-3,3,21,1,-9,-1
10950,11642,18,1,-2,21,28,1,1,-3
10950,11642,25,11,4,24,24,-2,3,0
10958,11650,19,9,-2,21,30,-2,6,2
10958,11650,1,-9,4,3,23,1,-9,-2
10965,11657,17,2,-6,19,26,0,0,-1
10965,11657,27,12,0,26,25,-4,4,0
10973,11665,19,8,-4,21,29,-1,9,0
10973,11665,1,-10,2,5,23,1,-9,0
10988,11680,19,1,5,21,23,-1,0,-2
10988,11680,25,12,-5,25,23,0,2,0
10990,11682,19,9,-2,22,29,1,7,0
10990,11682,4,-9,-5,6,25,-2,-8,-2
11002,11694,19,2,1,23,36,2,0,-3
11002,11694,24,7,3,25,26,-4,6,1
11010,11702,19,8,-4,23,29,-3,8,0
11010,11702,4,-10,-3,6,23,3,-8,-2
11025,11718,18,1,2,22,41,-2,2,-3
11025,11718,25,11,-4,24,25,-3,5,-1
11027,11719,20,8,1,23,32,-2,7,2
11027,11719,4,-9,4,7,23,2,-11,-2
11048,11740,20,2,-4,22,47,-3,4,1
11048,11740,25,9,1,25,28,2,1,0
11049,11741,21,8,2,24,31,0,7,2
11049,11741,8,-17,-1,7,25,-1,-9,-3
11062,11755,19,2,5,21,50,-1,2,-1
11062,11755,24,6,-8,24,27,-1,7,0
11069,11761,22,8,-4,26,31,-2,9,5
11069,11761,6,-11,-6,8,25,0,-8,-3
11086,11777,20,1,4,20,47,-2,4,-4
11086,11777,27,12,2,25,26,0,5,-1
11087,11779,22,8,-4,25,33,-3,10,1
11087,11779,7,-14,1,5,24,2,-11,0
